fecha,rango_edad,sexo,casos_confirmados,hospitalizados,ingresos_uci,fallecidos
2020-03-23,0-9,ambos,129,34,1,0
2020-03-23,10-19,ambos,221,15,0,1
2020-03-23,20-29,ambos,1285,183,8,4
2020-03-23,30-39,ambos,2208,365,15,3
2020-03-23,40-49,ambos,2919,663,40,9
2020-03-23,50-59,ambos,3129,936,89,20
2020-03-23,60-69,ambos,2916,1230,132,63
2020-03-23,70-79,ambos,3132,1678,165,164
2020-03-23,80 y +,ambos,3020,1710,34,541
2020-03-23,Total,ambos,18959,6814,484,805
2020-03-23,0-9,mujeres,64,15,0,0
2020-03-23,10-19,mujeres,123,10,0,1
2020-03-23,20-29,mujeres,724,78,4,1
2020-03-23,30-39,mujeres,1258,192,7,1
2020-03-23,40-49,mujeres,1487,262,10,3
2020-03-23,50-59,mujeres,1603,377,26,7
2020-03-23,60-69,mujeres,1338,528,49,15
2020-03-23,70-79,mujeres,1237,607,39,42
2020-03-23,80 y +,mujeres,1348,726,16,217
2020-03-23,Total,mujeres,9182,2795,151,287
2020-03-23,0-9,hombres,65,19,1,0
2020-03-23,10-19,hombres,98,6,0,0
2020-03-23,20-29,hombres,559,104,4,3
2020-03-23,30-39,hombres,949,187,8,2
2020-03-23,40-49,hombres,1428,414,30,6
2020-03-23,50-59,hombres,1520,583,66,13
2020-03-23,60-69,hombres,1557,738,90,48
2020-03-23,70-79,hombres,1894,1110,129,122
2020-03-23,80 y +,hombres,1666,1006,21,324
2020-03-23,Total,hombres,9736,4167,349,518
2020-03-24,0-9,ambos,130,35,1,0
2020-03-24,10-19,ambos,226,20,1,1
2020-03-24,20-29,ambos,1352,200,10,4
2020-03-24,30-39,ambos,2386,431,18,5
2020-03-24,40-49,ambos,3190,778,45,9
2020-03-24,50-59,ambos,3433,1074,106,22
2020-03-24,60-69,ambos,3179,1432,162,74
2020-03-24,70-79,ambos,3304,1858,192,184
2020-03-24,80-89,ambos,2545,1470,34,403
2020-03-24,90 y +,ambos,726,401,4,169
2020-03-24,Total,ambos,20471,7699,573,871
2020-03-24,0-9,mujeres,65,15,0,0
2020-03-24,10-19,mujeres,130,13,1,1
2020-03-24,20-29,mujeres,751,87,5,1
2020-03-24,30-39,mujeres,1352,213,7,3
2020-03-24,40-49,mujeres,1645,298,11,3
2020-03-24,50-59,mujeres,1766,415,31,8
2020-03-24,60-69,mujeres,1465,602,53,18
2020-03-24,70-79,mujeres,1294,665,44,47
2020-03-24,80-89,mujeres,1092,600,16,150
2020-03-24,90 y +,mujeres,406,201,0,84
2020-03-24,Total,mujeres,9966,3109,168,315
2020-03-24,0-9,hombres,65,20,1,0
2020-03-24,10-19,hombres,96,7,0,0
2020-03-24,20-29,hombres,599,111,5,3
2020-03-24,30-39,hombres,1034,218,11,2
2020-03-24,40-49,hombres,1541,477,34,6
2020-03-24,50-59,hombres,1664,658,74,14
2020-03-24,60-69,hombres,1711,829,109,56
2020-03-24,70-79,hombres,2010,1193,148,137
2020-03-24,80-89,hombres,1453,870,18,253
2020-03-24,90 y +,hombres,320,200,4,85
2020-03-24,Total,hombres,9736,4167,349,518
2020-03-25,0-9,ambos,134,40,1,0
2020-03-25,10-19,ambos,230,22,2,1
2020-03-25,20-29,ambos,1422,217,12,4
2020-03-25,30-39,ambos,2511,448,23,5
2020-03-25,40-49,ambos,3383,840,59,10
2020-03-25,50-59,ambos,3698,1170,133,22
2020-03-25,60-69,ambos,3403,1551,215,79
2020-03-25,70-79,ambos,3555,2049,248,191
2020-03-25,80-89,ambos,2736,1590,70,428
2020-03-25,90 y +,ambos,800,434,19,178
2020-03-25,Total,ambos,21872,8361,782,918
2020-03-25,0-9,mujeres,67,16,0,0
2020-03-25,10-19,mujeres,133,16,1,1
2020-03-25,20-29,mujeres,803,99,5,1
2020-03-25,30-39,mujeres,1424,223,7,3
2020-03-25,40-49,mujeres,1759,320,12,3
2020-03-25,50-59,mujeres,1910,457,31,7
2020-03-25,60-69,mujeres,1561,652,54,20
2020-03-25,70-79,mujeres,1395,745,48,48
2020-03-25,80-89,mujeres,1176,655,17,159
2020-03-25,90 y +,mujeres,448,222,0,89
2020-03-25,Total,mujeres,10676,3405,175,331
2020-03-25,0-9,hombres,66,24,1,0
2020-03-25,10-19,hombres,94,6,0,0
2020-03-25,20-29,hombres,617,116,5,3
2020-03-25,30-39,hombres,1086,226,11,2
2020-03-25,40-49,hombres,1618,519,36,7
2020-03-25,50-59,hombres,1785,715,81,15
2020-03-25,60-69,hombres,1839,913,119,59
2020-03-25,70-79,hombres,2158,1313,161,143
2020-03-25,80-89,hombres,1560,945,19,269
2020-03-25,90 y +,hombres,352,219,4,89
2020-03-25,Total,hombres,11175,4996,437,587
2020-03-26,0-9,ambos,175,44,1,0
2020-03-26,10-19,ambos,302,30,1,1
2020-03-26,20-29,ambos,1932,282,15,4
2020-03-26,30-39,ambos,3454,631,39,7
2020-03-26,40-49,ambos,5045,1273,94,19
2020-03-26,50-59,ambos,5749,1922,187,35
2020-03-26,60-69,ambos,5397,2634,333,114
2020-03-26,70-79,ambos,5377,3378,404,303
2020-03-26,80-89,ambos,4080,2527,52,594
2020-03-26,90 y +,ambos,1305,704,5,249
2020-03-26,Total,ambos,32816,13425,1131,1326
2020-03-26,0-9,mujeres,80,19,0,0
2020-03-26,10-19,mujeres,167,21,1,1
2020-03-26,20-29,mujeres,1139,144,7,0
2020-03-26,30-39,mujeres,1967,294,13,4
2020-03-26,40-49,mujeres,2690,528,30,10
2020-03-26,50-59,mujeres,3032,775,53,7
2020-03-26,60-69,mujeres,2516,1087,100,41
2020-03-26,70-79,mujeres,2152,1224,97,84
2020-03-26,80-89,mujeres,1843,1045,22,230
2020-03-26,90 y +,mujeres,777,375,0,121
2020-03-26,Total,mujeres,16363,5512,323,498
2020-03-26,0-9,hombres,95,26,1,0
2020-03-26,10-19,hombres,135,12,0,0
2020-03-26,20-29,hombres,790,155,8,4
2020-03-26,30-39,hombres,1487,347,26,3
2020-03-26,40-49,hombres,2355,765,64,9
2020-03-26,50-59,hombres,2715,1160,133,28
2020-03-26,60-69,hombres,2879,1546,233,73
2020-03-26,70-79,hombres,3223,2139,307,219
2020-03-26,80-89,hombres,2237,1473,30,364
2020-03-26,90 y +,hombres,528,324,5,128
2020-03-26,Total,hombres,16444,7947,807,828
2020-03-27,0-9,ambos,181,46,1,0
2020-03-27,10-19,ambos,312,36,1,1
2020-03-27,20-29,ambos,2011,295,16,4
2020-03-27,30-39,ambos,3575,655,41,7
2020-03-27,40-49,ambos,5242,1348,99,19
2020-03-27,50-59,ambos,6030,2044,205,35
2020-03-27,60-69,ambos,5633,2784,360,119
2020-03-27,70-79,ambos,5620,3575,454,319
2020-03-27,80-89,ambos,4267,2654,55,608
2020-03-27,90 y +,ambos,1378,735,5,255
2020-03-27,Total,ambos,34249,14172,1237,1367
2020-03-27,0-9,mujeres,82,19,0,0
2020-03-27,10-19,mujeres,170,20,1,1
2020-03-27,20-29,mujeres,1186,132,7,0
2020-03-27,30-39,mujeres,2037,293,13,4
2020-03-27,40-49,mujeres,2798,533,30,10
2020-03-27,50-59,mujeres,3178,808,63,7
2020-03-27,60-69,mujeres,2636,1157,103,44
2020-03-27,70-79,mujeres,2258,1328,113,89
2020-03-27,80-89,mujeres,1949,1114,23,239
2020-03-27,90 y +,mujeres,830,401,0,123
2020-03-27,Total,mujeres,17124,5805,353,517
2020-03-27,0-9,hombres,99,27,1,0
2020-03-27,10-19,hombres,142,16,0,0
2020-03-27,20-29,hombres,822,161,9,4
2020-03-27,30-39,hombres,1538,362,28,3
2020-03-27,40-49,hombres,2444,815,69,9
2020-03-27,50-59,hombres,2850,1235,141,28
2020-03-27,60-69,hombres,2995,1627,257,75
2020-03-27,70-79,hombres,3360,2245,341,230
2020-03-27,80-89,hombres,2318,1540,32,369
2020-03-27,90 y +,hombres,548,334,5,132
2020-03-27,Total,hombres,17116,8362,883,850
2020-03-28,0-9,ambos,186,49,1,0
2020-03-28,10-19,ambos,317,35,1,1
2020-03-28,20-29,ambos,2088,310,18,4
2020-03-28,30-39,ambos,3774,697,41,7
2020-03-28,40-49,ambos,5551,1460,108,19
2020-03-28,50-59,ambos,6424,2201,227,37
2020-03-28,60-69,ambos,5980,2999,392,123
2020-03-28,70-79,ambos,5923,3790,490,343
2020-03-28,80-89,ambos,4497,2791,56,642
2020-03-28,90 y +,ambos,1465,766,5,266
2020-03-28,Total,ambos,36205,15098,1339,1442
2020-03-28,0-9,mujeres,83,19,0,0
2020-03-28,10-19,mujeres,174,20,1,1
2020-03-28,20-29,mujeres,1228,140,8,0
2020-03-28,30-39,mujeres,2148,314,13,4
2020-03-28,40-49,mujeres,2973,580,32,10
2020-03-28,50-59,mujeres,3368,869,67,8
2020-03-28,60-69,mujeres,2790,1238,110,45
2020-03-28,70-79,mujeres,2396,1416,125,95
2020-03-28,80-89,mujeres,2076,1181,23,258
2020-03-28,90 y +,mujeres,891,416,0,129
2020-03-28,Total,mujeres,18127,6193,379,550
2020-03-28,0-9,hombres,103,30,1,0
2020-03-28,10-19,hombres,143,15,0,0
2020-03-28,20-29,hombres,857,168,10,4
2020-03-28,30-39,hombres,1626,383,28,3
2020-03-28,40-49,hombres,2578,880,76,9
2020-03-28,50-59,hombres,3054,1331,159,29
2020-03-28,60-69,hombres,3187,1760,282,78
2020-03-28,70-79,hombres,3527,2372,365,248
2020-03-28,80-89,hombres,2421,1610,33,384
2020-03-28,90 y +,hombres,574,350,5,137
2020-03-28,Total,hombres,18070,8899,959,892
2020-03-29,0-9,ambos,207,65,3,0
2020-03-29,10-19,ambos,360,47,2,1
2020-03-29,20-29,ambos,2802,444,22,6
2020-03-29,30-39,ambos,5168,1070,60,10
2020-03-29,40-49,ambos,7731,2204,134,35
2020-03-29,50-59,ambos,9135,3350,286,74
2020-03-29,60-69,ambos,8495,4459,519,225
2020-03-29,70-79,ambos,8416,5729,597,749
2020-03-29,80-89,ambos,6117,4054,62,1195
2020-03-29,90 y +,ambos,1804,1014,3,438
2020-03-29,Total,ambos,50235,22436,1688,2733
2020-03-29,0-9,mujeres,96,26,1,0
2020-03-29,10-19,mujeres,195,25,1,1
2020-03-29,20-29,mujeres,1693,218,9,0
2020-03-29,30-39,mujeres,2957,486,18,5
2020-03-29,40-49,mujeres,4143,886,38,16
2020-03-29,50-59,mujeres,4751,1293,83,18
2020-03-29,60-69,mujeres,3903,1804,146,75
2020-03-29,70-79,mujeres,3422,2176,155,213
2020-03-29,80-89,mujeres,2820,1699,24,467
2020-03-29,90 y +,mujeres,1074,544,0,215
2020-03-29,Total,mujeres,25054,9157,475,1010
2020-03-29,0-9,hombres,110,39,2,0
2020-03-29,10-19,hombres,162,22,1,0
2020-03-29,20-29,hombres,1106,224,13,6
2020-03-29,30-39,hombres,2210,584,42,5
2020-03-29,40-49,hombres,3586,1317,96,19
2020-03-29,50-59,hombres,4382,2056,202,55
2020-03-29,60-69,hombres,4589,2654,373,150
2020-03-29,70-79,hombres,4994,3551,442,541
2020-03-29,80-89,hombres,3297,2355,38,720
2020-03-29,90 y +,hombres,730,470,3,218
2020-03-29,Total,hombres,25166,13272,1212,1714
2020-03-30,0-9,ambos,212,65,3,0
2020-03-30,10-19,ambos,368,49,2,1
2020-03-30,20-29,ambos,2883,451,22,6
2020-03-30,30-39,ambos,5351,1099,65,10
2020-03-30,40-49,ambos,7965,2252,146,36
2020-03-30,50-59,ambos,9390,3431,295,78
2020-03-30,60-69,ambos,8744,4609,555,232
2020-03-30,70-79,ambos,8625,5869,620,759
2020-03-30,80-89,ambos,6255,4137,68,1216
2020-03-30,90 y +,ambos,1833,1026,3,446
2020-03-30,Total,ambos,51626,22988,1779,2784
2020-03-30,0-9,mujeres,98,26,1,0
2020-03-30,10-19,mujeres,197,26,1,1
2020-03-30,20-29,mujeres,1749,221,9,0
2020-03-30,30-39,mujeres,3069,503,21,5
2020-03-30,40-49,mujeres,4265,903,44,16
2020-03-30,50-59,mujeres,4897,1330,87,19
2020-03-30,60-69,mujeres,4014,1863,157,78
2020-03-30,70-79,mujeres,3519,2232,160,209
2020-03-30,80-89,mujeres,2892,1738,28,475
2020-03-30,90 y +,mujeres,1096,551,0,221
2020-03-30,Total,mujeres,25796,9393,508,1024
2020-03-30,0-9,hombres,113,39,2,0
2020-03-30,10-19,hombres,168,23,1,0
2020-03-30,20-29,hombres,1130,228,13,6
2020-03-30,30-39,hombres,2281,596,44,5
2020-03-30,40-49,hombres,3696,1346,101,20
2020-03-30,50-59,hombres,4490,2100,207,59
2020-03-30,60-69,hombres,4727,2745,398,154
2020-03-30,70-79,hombres,5105,3634,460,550
2020-03-30,80-89,hombres,3362,2398,40,740
2020-03-30,90 y +,hombres,737,475,3,225
2020-03-30,Total,hombres,25809,13584,1269,1759
2020-03-31,0-9,ambos,234,74,4,1
2020-03-31,10-19,ambos,393,53,2,1
2020-03-31,20-29,ambos,3016,474,22,6
2020-03-31,30-39,ambos,5656,1163,66,13
2020-03-31,40-49,ambos,8493,2442,149,43
2020-03-31,50-59,ambos,10108,3744,303,99
2020-03-31,60-69,ambos,9396,5023,570,295
2020-03-31,70-79,ambos,9295,6405,643,914
2020-03-31,80-89,ambos,6859,4576,71,1442
2020-03-31,90 y +,ambos,2034,1138,3,523
2020-03-31,Total,ambos,55484,25092,1833,3337
2020-03-31,0-9,mujeres,119,35,1,1
2020-03-31,10-19,mujeres,208,29,0,1
2020-03-31,20-29,mujeres,1808,229,10,0
2020-03-31,30-39,mujeres,3237,540,30,6
2020-03-31,40-49,mujeres,4539,985,51,18
2020-03-31,50-59,mujeres,5295,1472,109,27
2020-03-31,60-69,mujeres,4329,2037,214,96
2020-03-31,70-79,mujeres,3800,2446,207,261
2020-03-31,80-89,mujeres,3148,1933,43,568
2020-03-31,90 y +,mujeres,1199,608,0,259
2020-03-31,Total,mujeres,27682,10314,665,1237
2020-03-31,0-9,hombres,115,39,3,0
2020-03-31,10-19,hombres,185,24,2,0
2020-03-31,20-29,hombres,1204,243,12,6
2020-03-31,30-39,hombres,2419,623,36,7
2020-03-31,40-49,hombres,3952,1455,97,25
2020-03-31,50-59,hombres,4810,2271,193,72
2020-03-31,60-69,hombres,5064,2985,356,202
2020-03-31,70-79,hombres,5494,3956,436,653
2020-03-31,80-89,hombres,3710,2642,41,874
2020-03-31,90 y +,hombres,835,530,3,264
2020-03-31,Total,hombres,27788,14768,1179,2103
2020-04-01,0-9,ambos,234,74,4,1
2020-04-01,10-19,ambos,398,53,2,1
2020-04-01,20-29,ambos,3039,477,22,6
2020-04-01,30-39,ambos,5686,1171,67,14
2020-04-01,40-49,ambos,8579,2463,158,44
2020-04-01,50-59,ambos,10206,3795,318,101
2020-04-01,60-69,ambos,9516,5078,586,301
2020-04-01,70-79,ambos,9442,6481,672,929
2020-04-01,80-89,ambos,6950,4623,75,1461
2020-04-01,90 y +,ambos,2063,1152,3,538
2020-04-01,Total,ambos,56113,25367,1907,3396
2020-04-01,0-9,mujeres,114,33,1,1
2020-04-01,10-19,mujeres,211,29,0,1
2020-04-01,20-29,mujeres,1840,232,10,0
2020-04-01,30-39,mujeres,3275,540,30,7
2020-04-01,40-49,mujeres,4593,979,52,18
2020-04-01,50-59,mujeres,5337,1485,115,29
2020-04-01,60-69,mujeres,4369,2037,215,97
2020-04-01,70-79,mujeres,3841,2466,214,265
2020-04-01,80-89,mujeres,3240,1957,44,579
2020-04-01,90 y +,mujeres,1230,616,0,264
2020-04-01,Total,mujeres,28050,10374,681,1261
2020-04-01,0-9,hombres,120,41,3,0
2020-04-01,10-19,hombres,187,24,2,0
2020-04-01,20-29,hombres,1195,243,12,6
2020-04-01,30-39,hombres,2411,631,37,7
2020-04-01,40-49,hombres,3984,1482,106,26
2020-04-01,50-59,hombres,4867,2309,203,72
2020-04-01,60-69,hombres,5142,3038,370,204
2020-04-01,70-79,hombres,5599,4011,457,664
2020-04-01,80-89,hombres,3709,2666,44,882
2020-04-01,90 y +,hombres,833,536,3,274
2020-04-01,Total,hombres,28047,14981,1237,2135
2020-04-02,0-9,ambos,250,86,7,0
2020-04-02,10-19,ambos,434,72,3,1
2020-04-02,20-29,ambos,3590,546,29,6
2020-04-02,30-39,ambos,6853,1376,86,18
2020-04-02,40-49,ambos,10551,3039,215,49
2020-04-02,50-59,ambos,12722,4795,432,131
2020-04-02,60-69,ambos,11657,6511,779,373
2020-04-02,70-79,ambos,11368,8114,820,1176
2020-04-02,80-89,ambos,8857,5929,92,1879
2020-04-02,90 y +,ambos,2895,1563,6,728
2020-04-02,Total,ambos,69177,32031,2469,4361
2020-04-02,0-9,mujeres,116,36,2,1
2020-04-02,10-19,mujeres,223,39,1,1
2020-04-02,20-29,mujeres,2233,270,11,1
2020-04-02,30-39,mujeres,4028,642,30,7
2020-04-02,40-49,mujeres,5731,1204,64,20
2020-04-02,50-59,mujeres,6740,1876,130,43
2020-04-02,60-69,mujeres,5330,2559,209,111
2020-04-02,70-79,mujeres,4636,3078,222,333
2020-04-02,80-89,mujeres,4279,2559,51,743
2020-04-02,90 y +,mujeres,1775,848,2,389
2020-04-02,Total,mujeres,35091,13111,722,1649
2020-04-02,0-9,hombres,135,50,5,0
2020-04-02,10-19,hombres,210,33,2,0
2020-04-02,20-29,hombres,1356,274,18,5
2020-04-02,30-39,hombres,2824,734,56,12
2020-04-02,40-49,hombres,4822,1833,150,32
2020-04-02,50-59,hombres,5979,2918,301,94
2020-04-02,60-69,hombres,6320,3949,570,274
2020-04-02,70-79,hombres,6727,5032,597,887
2020-04-02,80-89,hombres,4577,3370,54,1205
2020-04-02,90 y +,hombres,1119,715,4,364
2020-04-02,Total,hombres,34069,18908,1757,2873
2020-04-03,0-9,ambos,251,86,7,0
2020-04-03,10-19,ambos,445,78,3,1
2020-04-03,20-29,ambos,3662,557,30,6
2020-04-03,30-39,ambos,6997,1411,89,19
2020-04-03,40-49,ambos,10759,3119,227,48
2020-04-03,50-59,ambos,12986,4947,453,133
2020-04-03,60-69,ambos,11927,6720,823,387
2020-04-03,70-79,ambos,11630,8348,859,1238
2020-04-03,80-89,ambos,9064,6085,94,1945
2020-04-03,90 y +,ambos,2963,1594,6,766
2020-04-03,Total,ambos,70684,32945,2591,4543
2020-04-03,0-9,mujeres,117,36,2,1
2020-04-03,10-19,mujeres,228,40,1,1
2020-04-03,20-29,mujeres,2279,275,11,1
2020-04-03,30-39,mujeres,4113,657,31,8
2020-04-03,40-49,mujeres,5849,1245,68,19
2020-04-03,50-59,mujeres,6887,1937,134,43
2020-04-03,60-69,mujeres,5449,2640,224,115
2020-04-03,70-79,mujeres,4742,3172,239,352
2020-04-03,80-89,mujeres,4397,2632,51,777
2020-04-03,90 y +,mujeres,1824,868,2,405
2020-04-03,Total,mujeres,35885,13502,763,1722
2020-04-03,0-9,hombres,134,50,5,0
2020-04-03,10-19,hombres,217,38,2,0
2020-04-03,20-29,hombres,1380,280,19,5
2020-04-03,30-39,hombres,2884,754,58,12
2020-04-03,40-49,hombres,4909,1874,159,32
2020-04-03,50-59,hombres,6098,3010,319,96
2020-04-03,60-69,hombres,6475,4078,599,284
2020-04-03,70-79,hombres,6886,5174,620,930
2020-04-03,80-89,hombres,4667,3453,56,1237
2020-04-03,90 y +,hombres,1139,726,4,386
2020-04-03,Total,hombres,34789,19437,1841,2982
2020-04-04,0-9,ambos,251,86,7,1
2020-04-04,10-19,ambos,445,78,3,1
2020-04-04,20-29,ambos,3662,557,30,6
2020-04-04,30-39,ambos,6997,1411,89,19
2020-04-04,40-49,ambos,10759,3119,227,50
2020-04-04,50-59,ambos,12986,4947,453,139
2020-04-04,60-69,ambos,11927,6720,823,401
2020-04-04,70-79,ambos,11630,8348,859,1283
2020-04-04,80-89,ambos,9064,6085,94,2014
2020-04-04,90 y +,ambos,2963,1594,6,795
2020-04-04,Total,ambos,70684,32945,2591,4709
2020-04-04,0-9,mujeres,117,36,2,1
2020-04-04,10-19,mujeres,228,40,1,1
2020-04-04,20-29,mujeres,2279,275,11,1
2020-04-04,30-39,mujeres,4113,657,31,8
2020-04-04,40-49,mujeres,5849,1245,68,19
2020-04-04,50-59,mujeres,6887,1937,134,43
2020-04-04,60-69,mujeres,5449,2640,224,115
2020-04-04,70-79,mujeres,4742,3172,239,352
2020-04-04,80-89,mujeres,4397,2632,51,777
2020-04-04,90 y +,mujeres,1824,868,2,405
2020-04-04,Total,mujeres,35885,13502,763,1722
2020-04-04,0-9,hombres,134,50,5,0
2020-04-04,10-19,hombres,217,38,2,0
2020-04-04,20-29,hombres,1380,280,19,5
2020-04-04,30-39,hombres,2884,754,58,12
2020-04-04,40-49,hombres,4909,1874,159,32
2020-04-04,50-59,hombres,6098,3010,319,96
2020-04-04,60-69,hombres,6475,4078,599,284
2020-04-04,70-79,hombres,6886,5174,620,930
2020-04-04,80-89,hombres,4667,3453,56,1237
2020-04-04,90 y +,hombres,1139,726,4,386
2020-04-04,Total,hombres,34789,19437,1841,2982
2020-04-05,0-9,ambos,286,107,15,2
2020-04-05,10-19,ambos,486,99,4,1
2020-04-05,20-29,ambos,4575,750,43,9
2020-04-05,30-39,ambos,8663,1942,125,25
2020-04-05,40-49,ambos,13300,4269,326,65
2020-04-05,50-59,ambos,16455,6800,640,184
2020-04-05,60-69,ambos,14847,8833,1089,571
2020-04-05,70-79,ambos,14217,10796,1106,1808
2020-04-05,80-89,ambos,11119,7807,113,2690
2020-04-05,90 y +,ambos,3589,1968,12,976
2020-04-05,Total,ambos,87537,43371,3473,6331
2020-04-05,0-9,mujeres,131,42,3,1
2020-04-05,10-19,mujeres,258,53,1,1
2020-04-05,20-29,mujeres,2889,370,16,2
2020-04-05,30-39,mujeres,5131,899,44,10
2020-04-05,40-49,mujeres,7178,1686,94,28
2020-04-05,50-59,mujeres,8715,2680,185,59
2020-04-05,60-69,mujeres,6790,3479,315,169
2020-04-05,70-79,mujeres,5820,4184,306,509
2020-04-05,80-89,mujeres,5424,3410,57,1033
2020-04-05,90 y +,mujeres,2221,1083,4,517
2020-04-05,Total,mujeres,44557,17886,1025,2329
2020-04-05,0-9,hombres,155,65,12,1
2020-04-05,10-19,hombres,228,46,3,0
2020-04-05,20-29,hombres,1683,378,27,7
2020-04-05,30-39,hombres,3532,1043,81,16
2020-04-05,40-49,hombres,6122,2583,232,38
2020-04-05,50-59,hombres,7739,4120,455,125
2020-04-05,60-69,hombres,8053,5351,774,402
2020-04-05,70-79,hombres,8397,6612,800,1301
2020-04-05,80-89,hombres,5695,4397,69,1659
2020-04-05,90 y +,hombres,1368,885,8,459
2020-04-05,Total,hombres,42972,25480,2461,4008
2020-04-06,0-9,ambos,250,79,7,1
2020-04-06,10-19,ambos,491,105,6,1
2020-04-06,20-29,ambos,4629,795,53,6
2020-04-06,30-39,ambos,8761,2019,136,20
2020-04-06,40-49,ambos,13421,4340,340,50
2020-04-06,50-59,ambos,16577,6840,643,147
2020-04-06,60-69,ambos,14933,8825,1080,419
2020-04-06,70-79,ambos,14300,10769,1094,1341
2020-04-06,80-89,ambos,11196,7790,115,2121
2020-04-06,90 y +,ambos,3632,1981,15,833
2020-04-06,Total,ambos,88190,43543,3489,4939
2020-04-06,0-9,mujeres,123,35,2,1
2020-04-06,10-19,mujeres,265,58,2,1
2020-04-06,20-29,mujeres,2911,391,21,1
2020-04-06,30-39,mujeres,5153,924,45,8
2020-04-06,40-49,mujeres,7248,1719,101,19
2020-04-06,50-59,mujeres,8788,2708,185,45
2020-04-06,60-69,mujeres,6833,3484,315,119
2020-04-06,70-79,mujeres,5887,4178,302,364
2020-04-06,80-89,mujeres,5469,3397,55,821
2020-04-06,90 y +,mujeres,2248,1087,6,430
2020-04-06,Total,mujeres,44925,17981,1034,1809
2020-04-06,0-9,hombres,127,44,5,0
2020-04-06,10-19,hombres,226,47,4,0
2020-04-06,20-29,hombres,1713,401,32,5
2020-04-06,30-39,hombres,3607,1095,91,12
2020-04-06,40-49,hombres,6171,2620,239,31
2020-04-06,50-59,hombres,7787,4132,458,102
2020-04-06,60-69,hombres,8096,5338,765,300
2020-04-06,70-79,hombres,8410,6591,792,977
2020-04-06,80-89,hombres,5726,4392,73,1300
2020-04-06,90 y +,hombres,1384,894,9,403
2020-04-06,Total,hombres,43247,25554,2468,3130
2020-04-07,0-9,ambos,247,77,6,1
2020-04-07,10-19,ambos,489,100,4,1
2020-04-07,20-29,ambos,4604,755,44,7
2020-04-07,30-39,ambos,8745,1953,125,20
2020-04-07,40-49,ambos,13411,4289,326,50
2020-04-07,50-59,ambos,16569,6828,645,147
2020-04-07,60-69,ambos,14935,8868,1095,420
2020-04-07,70-79,ambos,14295,10830,1107,1353
2020-04-07,80-89,ambos,11204,7857,115,2135
2020-04-07,90 y +,ambos,3645,1995,12,844
2020-04-07,Total,ambos,88144,43552,3479,4978
2020-04-07,0-9,mujeres,120,35,2,1
2020-04-07,10-19,mujeres,258,54,1,1
2020-04-07,20-29,mujeres,2904,373,17,2
2020-04-07,30-39,mujeres,5183,902,44,8
2020-04-07,40-49,mujeres,7255,1699,94,19
2020-04-07,50-59,mujeres,8776,2690,188,45
2020-04-07,60-69,mujeres,6825,3497,317,119
2020-04-07,70-79,mujeres,5866,4199,307,369
2020-04-07,80-89,mujeres,5474,3433,59,827
2020-04-07,90 y +,mujeres,2259,1099,4,436
2020-04-07,Total,mujeres,44920,17981,1033,1827
2020-04-07,0-9,hombres,127,42,4,0
2020-04-07,10-19,hombres,231,46,3,0
2020-04-07,20-29,hombres,1694,378,27,5
2020-04-07,30-39,hombres,3561,1050,81,12
2020-04-07,40-49,hombres,6156,2590,232,31
2020-04-07,50-59,hombres,7792,4138,457,102
2020-04-07,60-69,hombres,8106,5368,778,301
2020-04-07,70-79,hombres,8429,6631,800,984
2020-04-07,80-89,hombres,5730,4424,69,1308
2020-04-07,90 y +,hombres,1386,896,8,408
2020-04-07,Total,hombres,43212,25563,2459,3151
2020-04-08,0-9,ambos,287,81,6,1
2020-04-08,10-19,ambos,553,111,5,1
2020-04-08,20-29,ambos,5113,804,50,9
2020-04-08,30-39,ambos,9819,2129,143,23
2020-04-08,40-49,ambos,15256,4749,369,53
2020-04-08,50-59,ambos,18790,7666,764,186
2020-04-08,60-69,ambos,16973,10020,1276,527
2020-04-08,70-79,ambos,16257,12157,1263,1603
2020-04-08,80-89,ambos,13068,8911,126,2515
2020-04-08,90 y +,ambos,4339,2236,12,986
2020-04-08,Total,ambos,100455,48864,4014,5904
2020-04-08,0-9,mujeres,139,34,2,1
2020-04-08,10-19,mujeres,289,58,1,1
2020-04-08,20-29,mujeres,3267,402,20,3
2020-04-08,30-39,mujeres,5841,986,48,8
2020-04-08,40-49,mujeres,8334,1884,105,19
2020-04-08,50-59,mujeres,10008,3030,223,56
2020-04-08,60-69,mujeres,7797,3959,356,153
2020-04-08,70-79,mujeres,6765,4746,366,455
2020-04-08,80-89,mujeres,6557,3957,50,1007
2020-04-08,90 y +,mujeres,2743,1241,4,526
2020-04-08,Total,mujeres,51740,20297,1175,2229
2020-04-08,0-9,hombres,148,47,4,0
2020-04-08,10-19,hombres,264,53,4,0
2020-04-08,20-29,hombres,1840,398,30,6
2020-04-08,30-39,hombres,3976,1142,95,15
2020-04-08,40-49,hombres,6920,2865,264,34
2020-04-08,50-59,hombres,8775,4635,541,130
2020-04-08,60-69,hombres,9172,6059,920,374
2020-04-08,70-79,hombres,9486,7409,896,1148
2020-04-08,80-89,hombres,6509,4953,76,1508
2020-04-08,90 y +,hombres,1594,995,8,460
2020-04-08,Total,hombres,48684,28556,2838,3675
2020-04-09,0-9,ambos,285,87,7,1
2020-04-09,10-19,ambos,588,118,5,1
2020-04-09,20-29,ambos,5381,828,53,11
2020-04-09,30-39,ambos,10341,2204,160,24
2020-04-09,40-49,ambos,16088,4964,402,61
2020-04-09,50-59,ambos,19836,8006,877,197
2020-04-09,60-69,ambos,17713,10377,1456,597
2020-04-09,70-79,ambos,16957,12588,1457,1773
2020-04-09,80-89,ambos,14218,9523,150,2864
2020-04-09,90 y +,ambos,5040,2527,17,1200
2020-04-09,Total,ambos,106447,51222,4584,6729
2020-04-09,0-9,mujeres,138,37,2,1
2020-04-09,10-19,mujeres,307,63,1,1
2020-04-09,20-29,mujeres,3458,417,22,3
2020-04-09,30-39,mujeres,6199,1039,61,9
2020-04-09,40-49,mujeres,8869,1995,116,20
2020-04-09,50-59,mujeres,10658,3172,245,60
2020-04-09,60-69,mujeres,8167,4093,419,174
2020-04-09,70-79,mujeres,7100,4934,420,513
2020-04-09,80-89,mujeres,7279,4296,64,1193
2020-04-09,90 y +,mujeres,3275,1423,6,678
2020-04-09,Total,mujeres,55450,21469,1356,2652
2020-04-09,0-9,hombres,146,50,5,0
2020-04-09,10-19,hombres,281,55,4,0
2020-04-09,20-29,hombres,1918,407,31,8
2020-04-09,30-39,hombres,4141,1164,99,15
2020-04-09,40-49,hombres,7217,2969,286,41
2020-04-09,50-59,hombres,9175,4833,632,137
2020-04-09,60-69,hombres,9542,6283,1037,422
2020-04-09,70-79,hombres,9855,7653,1037,1263
2020-04-09,80-89,hombres,6938,5226,86,1684
2020-04-09,90 y +,hombres,1764,1104,11,534
2020-04-09,Total,hombres,50977,29744,3228,4104
2020-04-10,0-9,ambos,288,88,7,1
2020-04-10,10-19,ambos,593,119,5,1
2020-04-10,20-29,ambos,5477,835,53,11
2020-04-10,30-39,ambos,10518,2222,162,24
2020-04-10,40-49,ambos,16451,5026,399,66
2020-04-10,50-59,ambos,20342,8152,890,206
2020-04-10,60-69,ambos,18095,10564,1462,624
2020-04-10,70-79,ambos,17297,12824,1464,1848
2020-04-10,80-89,ambos,14739,9784,150,3035
2020-04-10,90 y +,ambos,5346,2610,17,1290
2020-04-10,Total,ambos,109146,52224,4609,7106
2020-04-10,0-9,mujeres,142,36,2,1
2020-04-10,10-19,mujeres,304,62,1,1
2020-04-10,20-29,mujeres,3531,420,22,3
2020-04-10,30-39,mujeres,6307,1042,60,9
2020-04-10,40-49,mujeres,9107,2007,112,22
2020-04-10,50-59,mujeres,10963,3236,244,61
2020-04-10,60-69,mujeres,8354,4164,415,179
2020-04-10,70-79,mujeres,7230,5018,420,530
2020-04-10,80-89,mujeres,7566,4407,65,1257
2020-04-10,90 y +,mujeres,3472,1468,7,718
2020-04-10,Total,mujeres,56976,21860,1348,2781
2020-04-10,0-9,hombres,145,52,5,0
2020-04-10,10-19,hombres,289,57,4,0
2020-04-10,20-29,hombres,1939,410,31,8
2020-04-10,30-39,hombres,4209,1179,102,15
2020-04-10,40-49,hombres,7340,3019,287,44
2020-04-10,50-59,hombres,9370,4915,646,145
2020-04-10,60-69,hombres,9736,6399,1047,445
2020-04-10,70-79,hombres,10060,7804,1043,1318
2020-04-10,80-89,hombres,7171,5376,85,1778
2020-04-10,90 y +,hombres,1871,1142,10,572
2020-04-10,Total,hombres,52130,30353,3260,4325
2020-04-11,0-9,ambos,292,86,8,1
2020-04-11,10-19,ambos,603,119,4,1
2020-04-11,20-29,ambos,5545,828,53,11
2020-04-11,30-39,ambos,10603,2214,165,24
2020-04-11,40-49,ambos,16591,5036,404,74
2020-04-11,50-59,ambos,20523,8212,903,212
2020-04-11,60-69,ambos,18261,10637,1485,637
2020-04-11,70-79,ambos,17474,12892,1483,1896
2020-04-11,80-89,ambos,14966,9973,153,3086
2020-04-11,90 y +,ambos,5455,2750,17,1318
2020-04-11,Total,ambos,110313,52747,4675,7260
2020-04-11,0-9,mujeres,144,37,2,1
2020-04-11,10-19,mujeres,312,64,1,1
2020-04-11,20-29,mujeres,3575,415,22,3
2020-04-11,30-39,mujeres,6361,1027,60,9
2020-04-11,40-49,mujeres,9185,2000,115,26
2020-04-11,50-59,mujeres,11070,3235,246,62
2020-04-11,60-69,mujeres,8426,4169,422,184
2020-04-11,70-79,mujeres,7309,5064,427,551
2020-04-11,80-89,mujeres,7707,4541,67,1278
2020-04-11,90 y +,mujeres,3558,1588,7,734
2020-04-11,Total,mujeres,57647,22140,1369,2849
2020-04-11,0-9,hombres,148,49,6,0
2020-04-11,10-19,hombres,291,55,3,0
2020-04-11,20-29,hombres,1964,408,31,8
2020-04-11,30-39,hombres,4241,1186,105,15
2020-04-11,40-49,hombres,7404,3036,289,48
2020-04-11,50-59,hombres,9448,4975,657,150
2020-04-11,60-69,hombres,9831,6466,1063,453
2020-04-11,70-79,hombres,10163,7826,1055,1345
2020-04-11,80-89,hombres,7258,5431,86,1808
2020-04-11,90 y +,hombres,1897,1162,10,584
2020-04-11,Total,hombres,52645,30594,3305,4411
2020-04-12,0-9,ambos,396,154,20,1
2020-04-12,10-19,ambos,647,129,5,1
2020-04-12,20-29,ambos,6137,914,53,17
2020-04-12,30-39,ambos,11484,2409,170,35
2020-04-12,40-49,ambos,17962,5500,424,109
2020-04-12,50-59,ambos,22336,8933,938,281
2020-04-12,60-69,ambos,19747,11469,1563,873
2020-04-12,70-79,ambos,18716,13726,1519,2607
2020-04-12,80-89,ambos,16468,10762,160,3969
2020-04-12,90 y +,ambos,6101,2976,16,1589
2020-04-12,Total,ambos,119994,56972,4868,9482
2020-04-12,0-9,mujeres,184,64,6,1
2020-04-12,10-19,mujeres,341,71,2,1
2020-04-12,20-29,mujeres,4000,462,22,5
2020-04-12,30-39,mujeres,6948,1132,61,15
2020-04-12,40-49,mujeres,9989,2197,118,39
2020-04-12,50-59,mujeres,12095,3549,260,89
2020-04-12,60-69,mujeres,9134,4511,432,259
2020-04-12,70-79,mujeres,7884,5410,440,770
2020-04-12,80-89,mujeres,8537,4952,73,1624
2020-04-12,90 y +,mujeres,3989,1696,7,880
2020-04-12,Total,mujeres,63101,24044,1421,3683
2020-04-12,0-9,hombres,212,90,14,0
2020-04-12,10-19,hombres,306,58,3,0
2020-04-12,20-29,hombres,2131,447,31,12
2020-04-12,30-39,hombres,4535,1276,109,20
2020-04-12,40-49,hombres,7971,3303,306,70
2020-04-12,50-59,hombres,10237,5382,677,192
2020-04-12,60-69,hombres,10610,6956,1131,614
2020-04-12,70-79,hombres,10829,8313,1077,1837
2020-04-12,80-89,hombres,7930,5809,87,2345
2020-04-12,90 y +,hombres,2112,1280,9,709
2020-04-12,Total,hombres,56873,32914,3444,5799
2020-04-13,0-9,ambos,396,154,20,1
2020-04-13,10-19,ambos,647,129,5,1
2020-04-13,20-29,ambos,6137,914,53,17
2020-04-13,30-39,ambos,11484,2409,170,35
2020-04-13,40-49,ambos,17962,5500,424,109
2020-04-13,50-59,ambos,22336,8933,938,281
2020-04-13,60-69,ambos,19747,11469,1563,873
2020-04-13,70-79,ambos,18716,13726,1519,2607
2020-04-13,80-89,ambos,16468,10762,160,3969
2020-04-13,90 y +,ambos,6101,2976,16,1589
2020-04-13,Total,ambos,119994,56972,4868,9482
2020-04-13,0-9,mujeres,184,64,6,1
2020-04-13,10-19,mujeres,341,71,2,1
2020-04-13,20-29,mujeres,4000,462,22,5
2020-04-13,30-39,mujeres,6948,1132,61,15
2020-04-13,40-49,mujeres,9989,2197,118,39
2020-04-13,50-59,mujeres,12095,3549,260,89
2020-04-13,60-69,mujeres,9134,4511,432,259
2020-04-13,70-79,mujeres,7884,5410,440,770
2020-04-13,80-89,mujeres,8537,4952,73,1624
2020-04-13,90 y +,mujeres,3989,1696,7,880
2020-04-13,Total,mujeres,63101,24044,1421,3683
2020-04-13,0-9,hombres,212,90,14,0
2020-04-13,10-19,hombres,306,58,3,0
2020-04-13,20-29,hombres,2131,447,31,12
2020-04-13,30-39,hombres,4535,1276,109,20
2020-04-13,40-49,hombres,7971,3303,306,70
2020-04-13,50-59,hombres,10237,5382,677,192
2020-04-13,60-69,hombres,10610,6956,1131,614
2020-04-13,70-79,hombres,10829,8313,1077,1837
2020-04-13,80-89,hombres,7930,5809,87,2345
2020-04-13,90 y +,hombres,2112,1280,9,709
2020-04-13,Total,hombres,56873,32914,3444,5799
2020-04-14,0-9,ambos,395,151,20,1
2020-04-14,10-19,ambos,650,128,5,1
2020-04-14,20-29,ambos,6148,915,53,17
2020-04-14,30-39,ambos,11524,2418,171,35
2020-04-14,40-49,ambos,18002,5510,427,109
2020-04-14,50-59,ambos,22390,8946,941,284
2020-04-14,60-69,ambos,19796,11492,1560,880
2020-04-14,70-79,ambos,18764,13763,1502,2625
2020-04-14,80-89,ambos,16556,10817,160,3999
2020-04-14,90 y +,ambos,6152,2993,16,1614
2020-04-14,Total,ambos,120377,57133,4855,9565
2020-04-14,0-9,mujeres,184,63,1,1
2020-04-14,10-19,mujeres,344,71,2,1
2020-04-14,20-29,mujeres,4004,463,19,5
2020-04-14,30-39,mujeres,6981,1139,48,15
2020-04-14,40-49,mujeres,10011,2199,97,39
2020-04-14,50-59,mujeres,12123,3557,222,89
2020-04-14,60-69,mujeres,9154,4517,393,262
2020-04-14,70-79,mujeres,7912,5427,664,775
2020-04-14,80-89,mujeres,8596,4978,645,1643
2020-04-14,90 y +,mujeres,4020,1708,255,897
2020-04-14,Total,mujeres,63329,24122,2346,3727
2020-04-14,0-9,hombres,211,88,14,0
2020-04-14,10-19,hombres,306,57,3,0
2020-04-14,20-29,hombres,2138,447,31,12
2020-04-14,30-39,hombres,4542,1278,108,20
2020-04-14,40-49,hombres,7989,3311,309,70
2020-04-14,50-59,hombres,10264,5387,681,195
2020-04-14,60-69,hombres,10639,6973,1129,618
2020-04-14,70-79,hombres,10849,8333,1067,1850
2020-04-14,80-89,hombres,7959,5838,86,2356
2020-04-14,90 y +,hombres,2132,1285,9,716
2020-04-14,Total,hombres,57029,32997,3437,5837
2020-04-15,0-9,ambos,382,137,20,1
2020-04-15,10-19,ambos,682,132,6,1
2020-04-15,20-29,ambos,6294,917,53,17
2020-04-15,30-39,ambos,11752,2416,169,35
2020-04-15,40-49,ambos,18388,5514,431,109
2020-04-15,50-59,ambos,22844,8965,940,284
2020-04-15,60-69,ambos,20137,11508,1561,887
2020-04-15,70-79,ambos,19042,13765,1500,2633
2020-04-15,80-89,ambos,16962,10824,162,4016
2020-04-15,90 y +,ambos,6335,2928,16,1622
2020-04-15,Total,ambos,122818,57106,4858,9605
2020-04-15,0-9,mujeres,177,57,1,1
2020-04-15,10-19,mujeres,361,73,2,1
2020-04-15,20-29,mujeres,4094,463,18,5
2020-04-15,30-39,mujeres,7125,1136,47,15
2020-04-15,40-49,mujeres,10236,2202,104,39
2020-04-15,50-59,mujeres,12409,3562,223,89
2020-04-15,60-69,mujeres,9332,4515,395,264
2020-04-15,70-79,mujeres,8069,5434,667,778
2020-04-15,80-89,mujeres,8830,4938,647,1653
2020-04-15,90 y +,mujeres,4144,1646,255,901
2020-04-15,Total,mujeres,64777,24026,2359,3746
2020-04-15,0-9,hombres,205,80,14,0
2020-04-15,10-19,hombres,321,59,4,0
2020-04-15,20-29,hombres,2192,448,32,12
2020-04-15,30-39,hombres,4626,1279,107,21
2020-04-15,40-49,hombres,8149,3312,309,74
2020-04-15,50-59,hombres,10432,5401,682,195
2020-04-15,60-69,hombres,10802,6991,1132,644
2020-04-15,70-79,hombres,10970,8328,1070,1842
2020-04-15,80-89,hombres,8132,5886,87,2291
2020-04-15,90 y +,hombres,2191,1282,9,695
2020-04-15,Total,hombres,58020,33066,3446,5774
2020-04-16,0-9,ambos,423,151,19,1
2020-04-16,10-19,ambos,734,143,7,2
2020-04-16,20-29,ambos,6763,958,54,19
2020-04-16,30-39,ambos,12466,2490,176,37
2020-04-16,40-49,ambos,19536,5737,452,116
2020-04-16,50-59,ambos,24471,9408,990,312
2020-04-16,60-69,ambos,21249,12033,1644,958
2020-04-16,70-79,ambos,20287,14406,1546,2868
2020-04-16,80-89,ambos,19317,11684,169,4528
2020-04-16,90 y +,ambos,7836,3282,17,1952
2020-04-16,Total,ambos,133082,60292,5074,10793
2020-04-16,0-9,mujeres,199,63,1,1
2020-04-16,10-19,mujeres,392,77,2,1
2020-04-16,20-29,mujeres,4428,488,19,5
2020-04-16,30-39,mujeres,7623,1172,48,16
2020-04-16,40-49,mujeres,10990,2296,115,42
2020-04-16,50-59,mujeres,13434,3760,240,102
2020-04-16,60-69,mujeres,9858,4688,410,282
2020-04-16,70-79,mujeres,8664,5682,681,850
2020-04-16,80-89,mujeres,10328,5380,648,1902
2020-04-16,90 y +,mujeres,5264,1872,256,1115
2020-04-16,Total,mujeres,71180,25478,2420,4316
2020-04-16,0-9,hombres,224,88,13,0
2020-04-16,10-19,hombres,342,66,5,1
2020-04-16,20-29,hombres,2331,467,32,14
2020-04-16,30-39,hombres,4843,1318,113,22
2020-04-16,40-49,hombres,8543,3441,319,78
2020-04-16,50-59,hombres,11034,5646,715,210
2020-04-16,60-69,hombres,11390,7344,1200,697
2020-04-16,70-79,hombres,11620,8721,1102,2005
2020-04-16,80-89,hombres,8989,6304,93,2554
2020-04-16,90 y +,hombres,2572,1410,9,811
2020-04-16,Total,hombres,61888,34805,3601,6392
2020-04-17,0-9,ambos,433,159,19,1
2020-04-17,10-19,ambos,738,150,8,2
2020-04-17,20-29,ambos,6864,972,54,20
2020-04-17,30-39,ambos,12671,2532,178,37
2020-04-17,40-49,ambos,19877,5822,459,118
2020-04-17,50-59,ambos,24875,9540,1004,319
2020-04-17,60-69,ambos,21601,12214,1673,972
2020-04-17,70-79,ambos,20669,14629,1567,2926
2020-04-17,80-89,ambos,19931,11954,173,4659
2020-04-17,90 y +,ambos,8130,3405,17,2012
2020-04-17,Total,ambos,135789,61377,5152,11066
2020-04-17,0-9,mujeres,199,66,1,1
2020-04-17,10-19,mujeres,395,80,3,1
2020-04-17,20-29,mujeres,4501,490,19,5
2020-04-17,30-39,mujeres,7764,1195,49,15
2020-04-17,40-49,mujeres,11221,2341,117,42
2020-04-17,50-59,mujeres,13684,3810,243,103
2020-04-17,60-69,mujeres,10037,4767,421,285
2020-04-17,70-79,mujeres,8847,5781,695,864
2020-04-17,80-89,mujeres,10685,5507,650,1961
2020-04-17,90 y +,mujeres,5467,1944,256,1149
2020-04-17,Total,mujeres,72800,25981,2454,4426
2020-04-17,0-9,hombres,236,93,13,0
2020-04-17,10-19,hombres,345,70,5,1
2020-04-17,20-29,hombres,2360,479,32,15
2020-04-17,30-39,hombres,4903,1337,114,22
2020-04-17,40-49,hombres,8660,3481,324,76
2020-04-17,50-59,hombres,11198,5728,726,216
2020-04-17,60-69,hombres,11562,7447,1218,687
2020-04-17,70-79,hombres,11810,8845,1109,2062
2020-04-17,80-89,hombres,9241,6447,95,2698
2020-04-17,90 y +,hombres,2667,1461,9,862
2020-04-17,Total,hombres,62982,35388,3645,6639
2020-04-18,0-9,ambos,448,165,19,1
2020-04-18,10-19,ambos,757,159,8,2
2020-04-18,20-29,ambos,6926,990,54,20
2020-04-18,30-39,ambos,12788,2588,183,37
2020-04-18,40-49,ambos,20037,5965,478,121
2020-04-18,50-59,ambos,25072,9730,1034,322
2020-04-18,60-69,ambos,21724,12484,1729,987
2020-04-18,70-79,ambos,20801,14987,1636,2955
2020-04-18,80-89,ambos,20137,12207,177,4726
2020-04-18,90 y +,ambos,8268,3490,18,2049
2020-04-18,Total,ambos,136958,62765,5336,11220
2020-04-18,0-9,mujeres,200,68,1,1
2020-04-18,10-19,mujeres,404,84,3,1
2020-04-18,20-29,mujeres,4535,501,19,5
2020-04-18,30-39,mujeres,7840,1230,52,15
2020-04-18,40-49,mujeres,11315,2421,122,42
2020-04-18,50-59,mujeres,13791,3898,253,103
2020-04-18,60-69,mujeres,10096,4888,436,288
2020-04-18,70-79,mujeres,8914,5920,715,871
2020-04-18,80-89,mujeres,10807,5619,648,1984
2020-04-18,90 y +,mujeres,5575,1994,256,1172
2020-04-18,Total,mujeres,73477,26623,2505,4482
2020-04-18,0-9,hombres,250,97,13,0
2020-04-18,10-19,hombres,355,75,5,1
2020-04-18,20-29,hombres,2388,487,32,15
2020-04-18,30-39,hombres,4944,1358,116,22
2020-04-18,40-49,hombres,8726,3544,335,79
2020-04-18,50-59,hombres,11288,5831,743,219
2020-04-18,60-69,hombres,11626,7596,1255,699
2020-04-18,70-79,hombres,11875,9065,1150,2084
2020-04-18,80-89,hombres,9325,6588,100,2742
2020-04-18,90 y +,hombres,2696,1496,10,876
2020-04-18,Total,hombres,63473,36137,3759,6737
2020-04-19,0-9,ambos,451,167,21,2
2020-04-19,10-19,ambos,768,162,10,3
2020-04-19,20-29,ambos,6996,1007,59,22
2020-04-19,30-39,ambos,12904,2634,192,46
2020-04-19,40-49,ambos,20201,6097,530,134
2020-04-19,50-59,ambos,25239,9913,1085,356
2020-04-19,60-69,ambos,21848,12655,1814,1067
2020-04-19,70-79,ambos,20909,15184,1704,3098
2020-04-19,80-89,ambos,20277,12386,203,4883
2020-04-19,90 y +,ambos,8343,3539,24,2095
2020-04-19,Total,ambos,137936,63744,5642,11706
2020-04-19,0-9,mujeres,202,69,7,1
2020-04-19,10-19,mujeres,411,86,4,2
2020-04-19,20-29,mujeres,4588,512,25,7
2020-04-19,30-39,mujeres,7913,1246,70,23
2020-04-19,40-49,mujeres,11416,2477,161,48
2020-04-19,50-59,mujeres,13894,3973,304,110
2020-04-19,60-69,mujeres,10160,4950,507,315
2020-04-19,70-79,mujeres,8954,5996,506,922
2020-04-19,80-89,mujeres,10885,5709,90,2045
2020-04-19,90 y +,mujeres,5631,2033,12,1197
2020-04-19,Total,mujeres,74054,27051,1686,4670
2020-04-19,0-9,hombres,251,98,14,1
2020-04-19,10-19,hombres,359,76,6,1
2020-04-19,20-29,hombres,2405,493,34,15
2020-04-19,30-39,hombres,4987,1388,122,23
2020-04-19,40-49,hombres,8790,3620,369,86
2020-04-19,50-59,hombres,11352,5939,781,246
2020-04-19,60-69,hombres,11687,7705,1307,752
2020-04-19,70-79,hombres,11944,9187,1197,2175
2020-04-19,80-89,hombres,9387,6677,113,2838
2020-04-19,90 y +,hombres,2716,1506,12,898
2020-04-19,Total,hombres,63878,36689,3955,7035
2020-04-20,0-9,ambos,400,182,25,3
2020-04-20,10-19,ambos,817,100,13,3
2020-04-20,20-29,ambos,7497,1078,68,30
2020-04-20,30-39,ambos,13638,2791,198,57
2020-04-20,40-49,ambos,21320,6458,553,144
2020-04-20,50-59,ambos,26550,10568,1124,383
2020-04-20,60-69,ambos,22792,13273,1864,1098
2020-04-20,70-79,ambos,21773,15837,1738,3207
2020-04-20,80-89,ambos,21498,13205,214,5156
2020-04-20,90 y +,ambos,8993,3879,27,2213
2020-04-20,Total,ambos,145558,67451,5824,12294
2020-04-20,0-9,mujeres,215,76,9,1
2020-04-20,10-19,mujeres,438,91,5,2
2020-04-20,20-29,mujeres,4924,555,0,12
2020-04-20,30-39,mujeres,8393,1322,72,28
2020-04-20,40-49,mujeres,12135,2641,172,54
2020-04-20,50-59,mujeres,14682,4265,313,120
2020-04-20,60-69,mujeres,10649,5210,522,328
2020-04-20,70-79,mujeres,9360,6282,515,966
2020-04-20,80-89,mujeres,11590,6146,93,2171
2020-04-20,90 y +,mujeres,6087,2256,13,1269
2020-04-20,Total,mujeres,78473,28844,1744,4951
2020-04-20,0-9,hombres,267,106,16,2
2020-04-20,10-19,hombres,381,89,8,1
2020-04-20,20-29,hombres,2570,521,38,18
2020-04-20,30-39,hombres,5241,1469,126,29
2020-04-20,40-49,hombres,9190,3817,381,90
2020-04-20,50-59,hombres,11875,6002,811,263
2020-04-20,60-69,hombres,12142,8063,1342,770
2020-04-20,70-79,hombres,12402,9554,1222,2240
2020-04-20,80-89,hombres,9903,7059,121,2935
2020-04-20,90 y +,hombres,2910,1623,14,944
2020-04-20,Total,hombres,66881,38603,4079,7342
2020-04-21,0-9,ambos,484,186,25,3
2020-04-21,10-19,ambos,821,182,13,3
2020-04-21,20-29,ambos,7525,1084,68,30
2020-04-21,30-39,ambos,13687,2795,198,57
2020-04-21,40-49,ambos,21370,6467,553,144
2020-04-21,50-59,ambos,26613,10588,1126,386
2020-04-21,60-69,ambos,22837,13289,1869,1103
2020-04-21,70-79,ambos,21827,15865,1741,3223
2020-04-21,80-89,ambos,21579,13239,214,5185
2020-04-21,90 y +,ambos,9040,3900,27,2231
2020-04-21,Total,ambos,145783,67595,5834,12365
2020-04-21,0-9,mujeres,216,76,9,1
2020-04-21,10-19,mujeres,440,92,5,2
2020-04-21,20-29,mujeres,4944,557,30,12
2020-04-21,30-39,mujeres,8427,1324,72,28
2020-04-21,40-49,mujeres,12168,2648,172,54
2020-04-21,50-59,mujeres,14716,4271,314,122
2020-04-21,60-69,mujeres,10675,5217,523,329
2020-04-21,70-79,mujeres,9388,6295,515,968
2020-04-21,80-89,mujeres,11648,6167,93,2187
2020-04-21,90 y +,mujeres,6125,2271,13,1285
2020-04-21,Total,mujeres,78747,28918,1746,4988
2020-04-21,0-9,hombres,270,110,16,2
2020-04-21,10-19,hombres,383,90,8,1
2020-04-21,20-29,hombres,2577,524,38,18
2020-04-21,30-39,hombres,5256,1471,126,29
2020-04-21,40-49,hombres,9207,3819,381,90
2020-04-21,50-59,hombres,11904,6316,812,264
2020-04-21,60-69,hombres,12161,8072,1346,774
2020-04-21,70-79,hombres,12428,9569,1225,2254
2020-04-21,80-89,hombres,9926,7072,121,2998
2020-04-21,90 y +,hombres,2919,1629,14,946
2020-04-21,Total,hombres,67031,38672,4087,7376
2020-04-22,0-9,ambos,492,189,25,2
2020-04-22,10-19,ambos,839,184,13,3
2020-04-22,20-29,ambos,7625,1087,68,24
2020-04-22,30-39,ambos,13857,2814,199,48
2020-04-22,40-49,ambos,21658,6497,555,138
2020-04-22,50-59,ambos,26971,10652,1133,388
2020-04-22,60-69,ambos,23105,13353,1874,1119
2020-04-22,70-79,ambos,22101,15984,1748,3278
2020-04-22,80-89,ambos,22067,13390,215,5306
2020-04-22,90 y +,ambos,9398,3971,27,2328
2020-04-22,Total,ambos,148113,68121,5877,12634
2020-04-22,0-9,mujeres,220,78,9,1
2020-04-22,10-19,mujeres,450,94,5,2
2020-04-22,20-29,mujeres,5009,560,30,9
2020-04-22,30-39,mujeres,8544,1336,72,23
2020-04-22,40-49,mujeres,12358,2666,172,49
2020-04-22,50-59,mujeres,14959,4306,316,120
2020-04-22,60-69,mujeres,10813,5235,524,331
2020-04-22,70-79,mujeres,9525,6347,518,987
2020-04-22,80-89,mujeres,11970,6248,93,2249
2020-04-22,90 y +,mujeres,6405,2321,13,1356
2020-04-22,Total,mujeres,80253,29191,1752,5127
2020-04-22,0-9,hombres,274,111,16,1
2020-04-22,10-19,hombres,390,90,8,1
2020-04-22,20-29,hombres,2612,524,38,15
2020-04-22,30-39,hombres,5309,1478,127,25
2020-04-22,40-49,hombres,9305,3831,383,89
2020-04-22,50-59,hombres,12018,6345,817,268
2020-04-22,60-69,hombres,12291,8118,1350,788
2020-04-22,70-79,hombres,12566,9637,1230,2291
2020-04-22,80-89,hombres,10092,7142,122,3057
2020-04-22,90 y +,hombres,2997,1650,14,972
2020-04-22,Total,hombres,67354,38926,4105,7507
2020-04-23,0-9,ambos,502,191,26,2
2020-04-23,10-19,ambos,869,189,13,3
2020-04-23,20-29,ambos,7962,1110,68,25
2020-04-23,30-39,ambos,14304,2845,207,50
2020-04-23,40-49,ambos,22430,6570,560,138
2020-04-23,50-59,ambos,27795,10761,1161,400
2020-04-23,60-69,ambos,23595,13433,1894,1149
2020-04-23,70-79,ambos,22470,16021,1781,3374
2020-04-23,80-89,ambos,22832,13635,218,5491
2020-04-23,90 y +,ambos,9828,4085,28,2446
2020-04-23,Total,ambos,152587,68840,5956,13078
2020-04-23,0-9,mujeres,225,78,9,1
2020-04-23,10-19,mujeres,465,95,5,2
2020-04-23,20-29,mujeres,5276,577,31,10
2020-04-23,30-39,mujeres,8852,1361,79,24
2020-04-23,40-49,mujeres,12892,2711,178,49
2020-04-23,50-59,mujeres,15504,4346,320,121
2020-04-23,60-69,mujeres,11097,5274,535,339
2020-04-23,70-79,mujeres,9733,6373,527,1027
2020-04-23,80-89,mujeres,12534,6388,93,2343
2020-04-23,90 y +,mujeres,6751,2400,13,1442
2020-04-23,Total,mujeres,83329,29603,1790,5358
2020-04-23,0-9,hombres,277,113,17,1
2020-04-23,10-19,hombres,404,94,8,1
2020-04-23,20-29,hombres,2684,531,37,15
2020-04-23,30-39,hombres,5452,1484,128,26
2020-04-23,40-49,hombres,9537,3859,382,89
2020-04-23,50-59,hombres,12289,6415,841,279
2020-04-23,60-69,hombres,12498,8159,1359,810
2020-04-23,70-79,hombres,12737,9648,1254,2347
2020-04-23,80-89,hombres,10298,7247,125,3148
2020-04-23,90 y +,hombres,3077,1685,15,1004
2020-04-23,Total,hombres,69253,39235,4166,7720
2020-04-24,0-9,ambos,506,192,26,2
2020-04-24,10-19,ambos,871,189,13,3
2020-04-24,20-29,ambos,7981,1110,68,25
2020-04-24,30-39,ambos,14338,2850,209,50
2020-04-24,40-49,ambos,22476,6580,560,138
2020-04-24,50-59,ambos,27858,10776,1161,401
2020-04-24,60-69,ambos,23641,13448,1896,1152
2020-04-24,70-79,ambos,22490,16032,1781,3375
2020-04-24,80-89,ambos,22874,13654,217,5502
2020-04-24,90 y +,ambos,9848,4095,28,2457
2020-04-24,Total,ambos,152883,68926,5959,13105
2020-04-24,0-9,mujeres,228,78,9,1
2020-04-24,10-19,mujeres,466,95,5,2
2020-04-24,20-29,mujeres,5286,577,31,10
2020-04-24,30-39,mujeres,8876,1364,80,24
2020-04-24,40-49,mujeres,12924,2716,178,49
2020-04-24,50-59,mujeres,15550,4349,320,121
2020-04-24,60-69,mujeres,11118,5273,535,340
2020-04-24,70-79,mujeres,9742,6377,527,1028
2020-04-24,80-89,mujeres,12565,6404,93,2351
2020-04-24,90 y +,mujeres,6767,2406,13,1448
2020-04-24,Total,mujeres,83522,29639,1791,5374
2020-04-24,0-9,hombres,278,114,17,1
2020-04-24,10-19,hombres,405,94,8,1
2020-04-24,20-29,hombres,2693,531,37,15
2020-04-24,30-39,hombres,5462,1486,129,26
2020-04-24,40-49,hombres,9551,3864,382,89
2020-04-24,50-59,hombres,12306,6427,841,280
2020-04-24,60-69,hombres,12521,8174,1360,812
2020-04-24,70-79,hombres,12748,9655,1254,2347
2020-04-24,80-89,hombres,10309,7250,125,3151
2020-04-24,90 y +,hombres,3081,1689,15,1009
2020-04-24,Total,hombres,69354,39284,4168,7731
2020-04-25,0-9,ambos,624,213,28,2
2020-04-25,10-19,ambos,1131,215,17,4
2020-04-25,20-29,ambos,10522,1243,78,28
2020-04-25,30-39,ambos,17936,3203,242,54
2020-04-25,40-49,ambos,28127,7560,661,155
2020-04-25,50-59,ambos,34494,12270,1353,455
2020-04-25,60-69,ambos,29156,15305,2189,1285
2020-04-25,70-79,ambos,28447,18409,2000,3751
2020-04-25,80-89,ambos,30236,15427,263,6144
2020-04-25,90 y +,ambos,13660,4585,32,2751
2020-04-25,Total,ambos,194333,78430,6863,14629
2020-04-25,0-9,mujeres,299,92,12,1
2020-04-25,10-19,mujeres,645,111,8,3
2020-04-25,20-29,mujeres,7086,651,36,11
2020-04-25,30-39,mujeres,11271,1517,92,25
2020-04-25,40-49,mujeres,16384,3121,211,57
2020-04-25,50-59,mujeres,19352,4932,382,137
2020-04-25,60-69,mujeres,13817,6032,619,382
2020-04-25,70-79,mujeres,12560,7344,593,1167
2020-04-25,80-89,mujeres,17056,7175,112,2640
2020-04-25,90 y +,mujeres,9717,2730,17,1638
2020-04-25,Total,mujeres,108187,33705,2082,6061
2020-04-25,0-9,hombres,330,121,17,1
2020-04-25,10-19,hombres,499,104,9,1
2020-04-25,20-29,hombres,3484,592,42,17
2020-04-25,30-39,hombres,6758,1686,150,29
2020-04-25,40-49,hombres,11895,4439,451,98
2020-04-25,50-59,hombres,15312,7337,971,318
2020-04-25,60-69,hombres,15473,9272,1569,903
2020-04-25,70-79,hombres,16044,11065,1407,2584
2020-04-25,80-89,hombres,13274,8251,153,3504
2020-04-25,90 y +,hombres,3973,1855,15,1113
2020-04-25,Total,hombres,87042,44722,4784,8568
2020-04-26,0-9,ambos,634,213,28,2
2020-04-26,10-19,ambos,1129,216,17,4
2020-04-26,20-29,ambos,10556,1239,78,28
2020-04-26,30-39,ambos,17976,3214,240,54
2020-04-26,40-49,ambos,28198,7600,661,155
2020-04-26,50-59,ambos,34610,12338,1350,455
2020-04-26,60-69,ambos,29230,15427,2201,1288
2020-04-26,70-79,ambos,28499,18577,2004,3763
2020-04-26,80-89,ambos,30335,15488,269,6151
2020-04-26,90 y +,ambos,13699,4593,31,2767
2020-04-26,Total,ambos,194866,78905,6879,14667
2020-04-26,0-9,mujeres,302,93,12,1
2020-04-26,10-19,mujeres,643,110,8,3
2020-04-26,20-29,mujeres,7101,646,36,11
2020-04-26,30-39,mujeres,11297,1518,89,25
2020-04-26,40-49,mujeres,16440,3126,208,57
2020-04-26,50-59,mujeres,19445,4961,384,137
2020-04-26,60-69,mujeres,13852,6070,612,382
2020-04-26,70-79,mujeres,12583,7406,598,1169
2020-04-26,80-89,mujeres,17116,7193,118,2641
2020-04-26,90 y +,mujeres,9751,2735,17,1650
2020-04-26,Total,mujeres,108530,33858,2082,6076
2020-04-26,0-9,hombres,337,120,17,1
2020-04-26,10-19,hombres,499,106,9,1
2020-04-26,20-29,hombres,3503,593,42,17
2020-04-26,30-39,hombres,6772,1696,151,29
2020-04-26,40-49,hombres,11910,4474,454,98
2020-04-26,50-59,hombres,15334,7375,966,318
2020-04-26,60-69,hombres,15509,9354,1588,906
2020-04-26,70-79,hombres,16072,11170,1406,2594
2020-04-26,80-89,hombres,13312,8293,153,3510
2020-04-26,90 y +,hombres,3978,1858,14,1117
2020-04-26,Total,hombres,87226,45039,4800,8591
2020-04-27,0-9,ambos,657,227,31,2
2020-04-27,10-19,ambos,1201,234,17,4
2020-04-27,20-29,ambos,11087,1317,83,22
2020-04-27,30-39,ambos,18866,3420,249,54
2020-04-27,40-49,ambos,29547,8039,693,170
2020-04-27,50-59,ambos,36353,13035,1434,495
2020-04-27,60-69,ambos,30314,16226,2316,1380
2020-04-27,70-79,ambos,29517,19431,2066,4003
2020-04-27,80-89,ambos,32109,16568,291,6584
2020-04-27,90 y +,ambos,14726,5093,38,3050
2020-04-27,Total,ambos,204377,83590,7218,15764
2020-04-27,0-9,mujeres,308,98,11,1
2020-04-27,10-19,mujeres,677,121,8,3
2020-04-27,20-29,mujeres,7452,692,38,8
2020-04-27,30-39,mujeres,11890,1633,93,21
2020-04-27,40-49,mujeres,17329,3320,214,60
2020-04-27,50-59,mujeres,20542,5279,414,146
2020-04-27,60-69,mujeres,14409,6386,647,407
2020-04-27,70-79,mujeres,13109,7774,625,1257
2020-04-27,80-89,mujeres,18285,7771,130,2832
2020-04-27,90 y +,mujeres,10491,3047,22,1808
2020-04-27,Total,mujeres,114492,36121,2202,6543
2020-04-27,0-9,hombres,354,129,21,1
2020-04-27,10-19,hombres,537,113,9,1
2020-04-27,20-29,hombres,3683,625,45,14
2020-04-27,30-39,hombres,7069,1787,156,33
2020-04-27,40-49,hombres,12370,4719,480,110
2020-04-27,50-59,hombres,15979,7754,1020,349
2020-04-27,60-69,hombres,16036,9837,1668,973
2020-04-27,70-79,hombres,16564,11656,1441,2746
2020-04-27,80-89,hombres,13917,8795,163,3752
2020-04-27,90 y +,hombres,4265,2046,16,1242
2020-04-27,Total,hombres,90774,47461,5019,9221
2020-04-28,0-9,ambos,660,229,31,2
2020-04-28,10-19,ambos,1206,235,17,4
2020-04-28,20-29,ambos,11138,1324,83,22
2020-04-28,30-39,ambos,18924,3429,250,55
2020-04-28,40-49,ambos,29629,8048,694,172
2020-04-28,50-59,ambos,36423,13049,1435,497
2020-04-28,60-69,ambos,30361,16241,2320,1387
2020-04-28,70-79,ambos,29550,19451,2069,4012
2020-04-28,80-89,ambos,32198,16602,292,6621
2020-04-28,90 y +,ambos,14777,5112,38,3081
2020-04-28,Total,ambos,204866,83720,7229,15853
2020-04-28,0-9,mujeres,304,99,11,1
2020-04-28,10-19,mujeres,668,121,8,3
2020-04-28,20-29,mujeres,7437,696,38,8
2020-04-28,30-39,mujeres,11841,1638,94,22
2020-04-28,40-49,mujeres,17230,3324,215,62
2020-04-28,50-59,mujeres,20412,5282,416,146
2020-04-28,60-69,mujeres,14303,6392,646,409
2020-04-28,70-79,mujeres,12974,7781,625,1259
2020-04-28,80-89,mujeres,18264,7794,130,2852
2020-04-28,90 y +,mujeres,10499,3060,22,1830
2020-04-28,Total,mujeres,113932,36187,2205,6592
2020-04-28,0-9,hombres,356,130,21,1
2020-04-28,10-19,hombres,538,114,9,1
2020-04-28,20-29,hombres,3701,628,45,14
2020-04-28,30-39,hombres,7083,1791,156,33
2020-04-28,40-49,hombres,12398,4724,480,110
2020-04-28,50-59,hombres,16009,7765,1020,351
2020-04-28,60-69,hombres,16054,9846,1673,978
2020-04-28,70-79,hombres,16575,11669,1444,2753
2020-04-28,80-89,hombres,13932,8806,163,3769
2020-04-28,90 y +,hombres,4278,2052,16,1251
2020-04-28,Total,hombres,90924,47525,5027,9261
2020-04-29,0-9,ambos,670,231,31,2
2020-04-29,10-19,ambos,1219,239,17,4
2020-04-29,20-29,ambos,11162,1332,84,22
2020-04-29,30-39,ambos,18975,3438,250,55
2020-04-29,40-49,ambos,29680,8081,694,172
2020-04-29,50-59,ambos,36480,13078,1437,499
2020-04-29,60-69,ambos,30393,16267,2325,1393
2020-04-29,70-79,ambos,29564,19486,2074,4024
2020-04-29,80-89,ambos,32173,16647,295,6661
2020-04-29,90 y +,ambos,14769,5133,38,3124
2020-04-29,Total,ambos,205085,83932,7245,15956
2020-04-29,0-9,mujeres,307,101,11,1
2020-04-29,10-19,mujeres,675,124,8,3
2020-04-29,20-29,mujeres,7455,699,38,8
2020-04-29,30-39,mujeres,11870,1644,94,22
2020-04-29,40-49,mujeres,17264,3344,215,62
2020-04-29,50-59,mujeres,20444,5294,417,146
2020-04-29,60-69,mujeres,14325,6405,648,411
2020-04-29,70-79,mujeres,12983,7797,626,1264
2020-04-29,80-89,mujeres,18238,7817,132,2878
2020-04-29,90 y +,mujeres,10487,3072,22,1861
2020-04-29,Total,mujeres,114048,36297,2211,6656
2020-04-29,0-9,hombres,363,130,21,1
2020-04-29,10-19,hombres,544,115,9,1
2020-04-29,20-29,hombres,3707,633,46,14
2020-04-29,30-39,hombres,7105,1794,156,33
2020-04-29,40-49,hombres,12415,4737,480,110
2020-04-29,50-59,hombres,16035,7782,1021,353
2020-04-29,60-69,hombres,16065,9860,1677,982
2020-04-29,70-79,hombres,16580,11688,1448,2760
2020-04-29,80-89,hombres,13933,8828,164,3783
2020-04-29,90 y +,hombres,4282,2061,16,1263
2020-04-29,Total,hombres,91029,47628,5038,9300
2020-04-30,0-9,ambos,694,234,31,2
2020-04-30,10-19,ambos,1258,239,18,5
2020-04-30,20-29,ambos,11540,1348,86,22
2020-04-30,30-39,ambos,19558,3466,249,55
2020-04-30,40-49,ambos,30572,8127,700,174
2020-04-30,50-59,ambos,37555,13210,1449,523
2020-04-30,60-69,ambos,30930,16380,2349,1445
2020-04-30,70-79,ambos,29979,19690,2106,4119
2020-04-30,80-89,ambos,33041,16997,309,6876
2020-04-30,90 y +,ambos,15279,5325,43,3296
2020-04-30,Total,ambos,210406,85016,7340,16517
2020-04-30,0-9,mujeres,317,102,11,1
2020-04-30,10-19,mujeres,696,123,8,3
2020-04-30,20-29,mujeres,7725,705,37,8
2020-04-30,30-39,mujeres,12280,1667,92,21
2020-04-30,40-49,mujeres,17890,3373,218,64
2020-04-30,50-59,mujeres,21167,5356,422,149
2020-04-30,60-69,mujeres,14627,6454,659,423
2020-04-30,70-79,mujeres,13228,7889,642,1298
2020-04-30,80-89,mujeres,18832,8011,139,2991
2020-04-30,90 y +,mujeres,10889,3202,25,1971
2020-04-30,Total,mujeres,117651,36882,2253,6929
2020-04-30,0-9,hombres,377,132,21,1
2020-04-30,10-19,hombres,562,116,10,2
2020-04-30,20-29,hombres,3815,643,49,14
2020-04-30,30-39,hombres,7278,1799,157,34
2020-04-30,40-49,hombres,12682,4754,483,110
2020-04-30,50-59,hombres,16387,7852,1028,374
2020-04-30,60-69,hombres,16300,9924,1690,1022
2020-04-30,70-79,hombres,16750,11800,1464,2821
2020-04-30,80-89,hombres,14207,8984,171,3885
2020-04-30,90 y +,hombres,4390,2123,18,1325
2020-04-30,Total,hombres,92748,48127,5091,9588
2020-05-01,0-9,ambos,696,234,31,2
2020-05-01,10-19,ambos,1269,239,18,5
2020-05-01,20-29,ambos,11594,1351,86,22
2020-05-01,30-39,ambos,19658,3474,250,56
2020-05-01,40-49,ambos,30707,8148,701,174
2020-05-01,50-59,ambos,37769,13239,1453,525
2020-05-01,60-69,ambos,31091,16430,2357,1459
2020-05-01,70-79,ambos,30111,19766,2116,4151
2020-05-01,80-89,ambos,33258,17153,311,6927
2020-05-01,90 y +,ambos,15456,5435,43,3359
2020-05-01,Total,ambos,211609,85469,7366,16680
2020-05-01,0-9,mujeres,317,102,11,1
2020-05-01,10-19,mujeres,700,123,8,3
2020-05-01,20-29,mujeres,7760,707,37,8
2020-05-01,30-39,mujeres,12352,1670,93,22
2020-05-01,40-49,mujeres,17984,3383,219,64
2020-05-01,50-59,mujeres,21305,5373,423,149
2020-05-01,60-69,mujeres,14717,6473,660,426
2020-05-01,70-79,mujeres,13299,7925,643,1308
2020-05-01,80-89,mujeres,18972,8113,140,3015
2020-05-01,90 y +,mujeres,11028,3286,26,2018
2020-05-01,Total,mujeres,118434,37155,2260,7014
2020-05-01,0-9,hombres,379,132,21,1
2020-05-01,10-19,hombres,569,116,10,2
2020-05-01,20-29,hombres,3834,644,49,14
2020-05-01,30-39,hombres,7306,1804,157,34
2020-05-01,40-49,hombres,12722,4764,483,110
2020-05-01,50-59,hombres,16463,7864,1031,376
2020-05-01,60-69,hombres,16371,9955,1697,1033
2020-05-01,70-79,hombres,16811,11840,1473,2843
2020-05-01,80-89,hombres,14284,9038,172,3912
2020-05-01,90 y +,hombres,4428,2149,17,1341
2020-05-01,Total,hombres,93167,48306,5110,9666
2020-05-02,0-9,ambos,705,235,31,2
2020-05-02,10-19,ambos,1282,243,19,5
2020-05-02,20-29,ambos,11663,1352,86,22
2020-05-02,30-39,ambos,19773,3481,251,56
2020-05-02,40-49,ambos,30861,8159,703,175
2020-05-02,50-59,ambos,37937,13259,1455,528
2020-05-02,60-69,ambos,31228,16470,2367,1461
2020-05-02,70-79,ambos,30190,19006,2126,4167
2020-05-02,80-89,ambos,33350,17191,311,6946
2020-05-02,90 y +,ambos,15503,5449,44,3379
2020-05-02,Total,ambos,212492,85645,7393,16741
2020-05-02,0-9,mujeres,322,103,11,1
2020-05-02,10-19,mujeres,710,125,8,3
2020-05-02,20-29,mujeres,7007,707,37,8
2020-05-02,30-39,mujeres,12431,1675,93,22
2020-05-02,40-49,mujeres,18076,3385,219,64
2020-05-02,50-59,mujeres,21400,5381,423,151
2020-05-02,60-69,mujeres,14784,6484,662,426
2020-05-02,70-79,mujeres,13332,7942,647,1318
2020-05-02,80-89,mujeres,19043,8140,140,3028
2020-05-02,90 y +,mujeres,11061,3294,26,2028
2020-05-02,Total,mujeres,118966,37236,2266,7049
2020-05-02,0-9,hombres,383,132,21,1
2020-05-02,10-19,hombres,572,118,11,2
2020-05-02,20-29,hombres,3856,645,49,14
2020-05-02,30-39,hombres,7342,1006,158,34
2020-05-02,40-49,hombres,12784,4773,485,111
2020-05-02,50-59,hombres,16536,7876,1033,377
2020-05-02,60-69,hombres,16441,9984,1705,1085
2020-05-02,70-79,hombres,16857,11863,1479,2849
2020-05-02,80-89,hombres,14005,9049,172,3918
2020-05-02,90 y +,hombres,4442,2155,18,1851
2020-05-02,Total,hombres,93518,48401,5131,9692
2020-05-03,0-9,ambos,725,246,36,2
2020-05-03,10-19,ambos,1306,254,19,5
2020-05-03,20-29,ambos,11914,1380,87,22
2020-05-03,30-39,ambos,20125,3575,256,57
2020-05-03,40-49,ambos,31342,8301,715,182
2020-05-03,50-59,ambos,38439,13533,1490,564
2020-05-03,60-69,ambos,31576,16698,2420,1515
2020-05-03,70-79,ambos,30478,20086,2159,4249
2020-05-03,80-89,ambos,33838,17556,312,7071
2020-05-03,90 y +,ambos,15828,5670,46,3472
2020-05-03,Total,ambos,215571,87299,7540,17139
2020-05-03,0-9,mujeres,329,107,13,1
2020-05-03,10-19,mujeres,726,131,8,3
2020-05-03,20-29,mujeres,7998,725,38,8
2020-05-03,30-39,mujeres,12666,1724,94,22
2020-05-03,40-49,mujeres,18407,3448,222,69
2020-05-03,50-59,mujeres,21734,5515,431,160
2020-05-03,60-69,mujeres,14952,6580,678,438
2020-05-03,70-79,mujeres,13481,8081,661,1349
2020-05-03,80-89,mujeres,19383,8360,140,3084
2020-05-03,90 y +,mujeres,11309,3437,26,2089
2020-05-03,Total,mujeres,120935,38108,2311,7223
2020-05-03,0-9,hombres,396,139,24,1
2020-05-03,10-19,hombres,580,123,11,2
2020-05-03,20-29,hombres,3916,655,49,14
2020-05-03,30-39,hombres,7459,1851,162,35
2020-05-03,40-49,hombres,12934,4852,494,113
2020-05-03,50-59,hombres,16704,8016,1060,404
2020-05-03,60-69,hombres,16621,10116,1742,1077
2020-05-03,70-79,hombres,16996,12004,1498,2900
2020-05-03,80-89,hombres,14453,9194,173,3987
2020-05-03,90 y +,hombres,4519,2233,20,1383
2020-05-03,Total,hombres,94578,49183,5233,9916
2020-05-04,0-9,ambos,731,247,37,2
2020-05-04,10-19,ambos,1318,254,19,5
2020-05-04,20-29,ambos,12022,1384,88,22
2020-05-04,30-39,ambos,20312,3578,256,57
2020-05-04,40-49,ambos,31569,8313,717,183
2020-05-04,50-59,ambos,38720,13559,1493,566
2020-05-04,60-69,ambos,31767,16728,2423,1518
2020-05-04,70-79,ambos,30583,20135,2166,4260
2020-05-04,80-89,ambos,33944,17583,311,7086
2020-05-04,90 y +,ambos,15882,5682,47,3479
2020-05-04,Total,ambos,216848,87463,7557,17178
2020-05-04,0-9,mujeres,330,107,13,1
2020-05-04,10-19,mujeres,729,131,8,3
2020-05-04,20-29,mujeres,8069,727,38,8
2020-05-04,30-39,mujeres,12791,1726,94,22
2020-05-04,40-49,mujeres,18558,3453,223,70
2020-05-04,50-59,mujeres,21932,5529,432,161
2020-05-04,60-69,mujeres,15069,6591,679,439
2020-05-04,70-79,mujeres,13537,8098,664,1352
2020-05-04,80-89,mujeres,19462,8375,140,3089
2020-05-04,90 y +,mujeres,11355,3446,26,2093
2020-05-04,Total,mujeres,121832,38183,2317,7238
2020-05-04,0-9,hombres,401,140,25,1
2020-05-04,10-19,hombres,589,123,11,2
2020-05-04,20-29,hombres,3953,657,50,14
2020-05-04,30-39,hombres,7521,1852,162,35
2020-05-04,40-49,hombres,13010,4859,495,113
2020-05-04,50-59,hombres,16788,8029,1062,405
2020-05-04,60-69,hombres,16698,10137,1744,1079
2020-05-04,70-79,hombres,17046,12037,1502,2908
2020-05-04,80-89,hombres,14480,9206,172,3997
2020-05-04,90 y +,hombres,4527,2236,21,1386
2020-05-04,Total,hombres,95013,49276,5244,9940
2020-05-05,0-9,ambos,730,247,36,2
2020-05-05,10-19,ambos,1316,254,19,5
2020-05-05,20-29,ambos,12008,1389,87,22
2020-05-05,30-39,ambos,20282,3580,255,57
2020-05-05,40-49,ambos,31489,8311,716,183
2020-05-05,50-59,ambos,38612,13560,1495,567
2020-05-05,60-69,ambos,31682,16717,2422,1521
2020-05-05,70-79,ambos,30517,20128,2165,4258
2020-05-05,80-89,ambos,33807,17582,312,7089
2020-05-05,90 y +,ambos,15814,5691,46,3485
2020-05-05,Total,ambos,216257,87459,7553,17189
2020-05-05,0-9,mujeres,331,107,13,1
2020-05-05,10-19,mujeres,728,131,8,3
2020-05-05,20-29,mujeres,8057,728,38,8
2020-05-05,30-39,mujeres,12767,1727,93,22
2020-05-05,40-49,mujeres,18503,3451,222,70
2020-05-05,50-59,mujeres,21862,5530,431,161
2020-05-05,60-69,mujeres,15030,6587,681,440
2020-05-05,70-79,mujeres,13497,8102,663,1352
2020-05-05,80-89,mujeres,19348,8372,140,3091
2020-05-05,90 y +,mujeres,11296,3452,26,2096
2020-05-05,Total,mujeres,121419,38187,2315,7244
2020-05-05,0-9,hombres,399,140,24,1
2020-05-05,10-19,hombres,588,123,11,2
2020-05-05,20-29,hombres,3951,661,49,14
2020-05-05,30-39,hombres,7515,1853,162,35
2020-05-05,40-49,hombres,12985,4859,495,113
2020-05-05,50-59,hombres,16750,8029,1065,406
2020-05-05,60-69,hombres,16652,10130,1741,1081
2020-05-05,70-79,hombres,17020,12026,1502,2906
2020-05-05,80-89,hombres,14457,9208,173,3998
2020-05-05,90 y +,hombres,4518,2239,20,1389
2020-05-05,Total,hombres,94835,49268,5242,9945
2020-05-06,0-9,ambos,738,247,36,2
2020-05-06,10-19,ambos,1331,253,19,5
2020-05-06,20-29,ambos,12067,1389,87,22
2020-05-06,30-39,ambos,20386,3584,255,57
2020-05-06,40-49,ambos,31658,8318,717,183
2020-05-06,50-59,ambos,38792,1357,1495,567
2020-05-06,60-69,ambos,31805,16739,2424,1526
2020-05-06,70-79,ambos,30632,20159,2169,4273
2020-05-06,80-89,ambos,34032,1761,312,7117
2020-05-06,90 y +,ambos,15934,5699,46,3496
2020-05-06,Total,ambos,217375,87568,756,17248
2020-05-06,0-9,mujeres,334,107,13,1
2020-05-06,10-19,mujeres,737,131,8,3
2020-05-06,20-29,mujeres,8093,728,38,8
2020-05-06,30-39,mujeres,12838,1731,93,22
2020-05-06,40-49,mujeres,18611,3455,223,70
2020-05-06,50-59,mujeres,21987,5536,431,161
2020-05-06,60-69,mujeres,15091,6597,681,442
2020-05-06,70-79,mujeres,13565,8115,665,1359
2020-05-06,80-89,mujeres,19515,8389,140,3109
2020-05-06,90 y +,mujeres,11392,3458,26,2104
2020-05-06,Total,mujeres,122163,38247,2318,7279
2020-05-06,0-9,hombres,404,140,24,1
2020-05-06,10-19,hombres,594,122,11,2
2020-05-06,20-29,hombres,3974,661,49,14
2020-05-06,30-39,hombres,7548,1853,162,35
2020-05-06,40-49,hombres,13046,4862,495,113
2020-05-06,50-59,hombres,16805,8033,1065,406
2020-05-06,60-69,hombres,16714,10142,1743,1084
2020-05-06,70-79,hombres,17067,12044,1504,2914
2020-05-06,80-89,hombres,14515,9219,173,4008
2020-05-06,90 y +,hombres,4542,2241,20,1392
2020-05-06,Total,hombres,95209,49317,5246,9969
2020-05-07,0-9,ambos,765,253,36,2
2020-05-07,10-19,ambos,1398,255,20,5
2020-05-07,20-29,ambos,12321,1399,87,21
2020-05-07,30-39,ambos,20759,3609,256,57
2020-05-07,40-49,ambos,32239,8343,715,185
2020-05-07,50-59,ambos,39418,13588,1498,569
2020-05-07,60-69,ambos,32226,16782,2423,1541
2020-05-07,70-79,ambos,30861,20231,2173,4320
2020-05-07,80-89,ambos,34365,17730,315,7195
2020-05-07,90 y +,ambos,16092,5739,46,3565
2020-05-07,Total,ambos,220444,87929,7569,17460
2020-05-07,0-9,mujeres,350,112,12,1
2020-05-07,10-19,mujeres,780,131,8,3
2020-05-07,20-29,mujeres,8283,736,38,8
2020-05-07,30-39,mujeres,13077,1744,94,21
2020-05-07,40-49,mujeres,18978,3467,219,71
2020-05-07,50-59,mujeres,22395,5544,430,162
2020-05-07,60-69,mujeres,15339,6613,683,448
2020-05-07,70-79,mujeres,13691,8152,668,1382
2020-05-07,80-89,mujeres,19747,8466,139,3154
2020-05-07,90 y +,mujeres,11524,3485,26,2154
2020-05-07,Total,mujeres,124164,38450,2317,7404
2020-05-07,0-9,hombres,415,141,24,1
2020-05-07,10-19,hombres,618,124,12,2
2020-05-07,20-29,hombres,4038,663,49,13
2020-05-07,30-39,hombres,7682,1865,162,36
2020-05-07,40-49,hombres,13261,4876,496,114
2020-05-07,50-59,hombres,17023,8044,1068,407
2020-05-07,60-69,hombres,16885,10168,1740,1093
2020-05-07,70-79,hombres,17170,12079,1505,2938
2020-05-07,80-89,hombres,14617,9263,176,4041
2020-05-07,90 y +,hombres,4568,2254,20,1411
2020-05-07,Total,hombres,96277,49477,5252,10056
2020-05-08,0-9,ambos,765,253,36,2
2020-05-08,10-19,ambos,1393,255,20,5
2020-05-08,20-29,ambos,12326,1399,87,21
2020-05-08,30-39,ambos,20755,3608,256,57
2020-05-08,40-49,ambos,32208,8350,717,186
2020-05-08,50-59,ambos,39355,13594,1499,569
2020-05-08,60-69,ambos,32175,16784,2423,1543
2020-05-08,70-79,ambos,30844,20235,2173,4325
2020-05-08,80-89,ambos,34409,17739,315,7210
2020-05-08,90 y +,ambos,16145,5752,46,3571
2020-05-08,Total,ambos,220375,87969,7572,17489
2020-05-08,0-9,mujeres,349,112,12,1
2020-05-08,10-19,mujeres,774,131,8,3
2020-05-08,20-29,mujeres,8279,736,38,8
2020-05-08,30-39,mujeres,13071,1744,94,21
2020-05-08,40-49,mujeres,18937,3469,220,71
2020-05-08,50-59,mujeres,22346,5546,430,162
2020-05-08,60-69,mujeres,15298,6615,683,449
2020-05-08,70-79,mujeres,13683,8154,667,1383
2020-05-08,80-89,mujeres,19777,8473,139,3165
2020-05-08,90 y +,mujeres,11571,3499,26,2157
2020-05-08,Total,mujeres,124085,38479,2317,7420
2020-05-08,0-9,hombres,416,141,24,1
2020-05-08,10-19,hombres,619,124,12,2
2020-05-08,20-29,hombres,4047,663,49,13
2020-05-08,30-39,hombres,7684,1864,162,36
2020-05-08,40-49,hombres,13271,4881,497,115
2020-05-08,50-59,hombres,17009,8048,1069,407
2020-05-08,60-69,hombres,16875,10168,1740,1094
2020-05-08,70-79,hombres,17161,12081,1506,2942
2020-05-08,80-89,hombres,14631,9265,176,4045
2020-05-08,90 y +,hombres,4574,2253,20,1414
2020-05-08,Total,hombres,96287,49488,5255,10069
2020-05-09,0-9,ambos,765,253,36,2
2020-05-09,10-19,ambos,1393,255,20,5
2020-05-09,20-29,ambos,12326,1399,87,21
2020-05-09,30-39,ambos,20755,3608,256,57
2020-05-09,40-49,ambos,32208,8350,717,186
2020-05-09,50-59,ambos,39355,13594,1499,569
2020-05-09,60-69,ambos,32175,16784,2423,1543
2020-05-09,70-79,ambos,30844,20235,2173,4325
2020-05-09,80-89,ambos,34409,17739,315,7210
2020-05-09,90 y +,ambos,16145,5752,46,3571
2020-05-09,Total,ambos,220375,87969,7572,17489
2020-05-09,0-9,mujeres,349,112,12,1
2020-05-09,10-19,mujeres,774,131,8,3
2020-05-09,20-29,mujeres,8279,736,38,8
2020-05-09,30-39,mujeres,13071,1744,94,21
2020-05-09,40-49,mujeres,18937,3469,220,71
2020-05-09,50-59,mujeres,22346,5546,430,162
2020-05-09,60-69,mujeres,15298,6615,683,449
2020-05-09,70-79,mujeres,13683,8154,667,1383
2020-05-09,80-89,mujeres,19777,8473,139,3165
2020-05-09,90 y +,mujeres,11571,3499,26,2157
2020-05-09,Total,mujeres,124085,38479,2317,7420
2020-05-09,0-9,hombres,416,141,24,1
2020-05-09,10-19,hombres,619,124,12,2
2020-05-09,20-29,hombres,4047,663,49,13
2020-05-09,30-39,hombres,7684,1864,162,36
2020-05-09,40-49,hombres,13271,4881,497,115
2020-05-09,50-59,hombres,17009,8048,1069,407
2020-05-09,60-69,hombres,16875,10168,1740,1094
2020-05-09,70-79,hombres,17161,12081,1506,2942
2020-05-09,80-89,hombres,14631,9265,176,4045
2020-05-09,90 y +,hombres,4574,2253,20,1414
2020-05-09,Total,hombres,96287,49488,5255,10069
2020-05-10,0-9,ambos,817,264,36,2
2020-05-10,10-19,ambos,1511,264,21,5
2020-05-10,20-29,ambos,12927,1437,87,22
2020-05-10,30-39,ambos,21784,3707,262,58
2020-05-10,40-49,ambos,33801,8530,728,190
2020-05-10,50-59,ambos,41417,13896,1519,587
2020-05-10,60-69,ambos,33530,17117,2475,1608
2020-05-10,70-79,ambos,31962,20644,2213,4462
2020-05-10,80-89,ambos,36633,18376,321,7585
2020-05-10,90 y +,ambos,17716,6098,47,3902
2020-05-10,Total,ambos,232098,90333,7709,18421
2020-05-10,0-9,mujeres,381,121,12,1
2020-05-10,10-19,mujeres,839,135,9,3
2020-05-10,20-29,mujeres,8689,758,38,9
2020-05-10,30-39,mujeres,13745,1809,97,21
2020-05-10,40-49,mujeres,19957,3561,222,71
2020-05-10,50-59,mujeres,23673,5695,441,173
2020-05-10,60-69,mujeres,16083,6749,696,467
2020-05-10,70-79,mujeres,14296,8329,678,1422
2020-05-10,80-89,mujeres,21263,8803,141,3346
2020-05-10,90 y +,mujeres,12735,3720,27,2376
2020-05-10,Total,mujeres,131661,39680,2361,7889
2020-05-10,0-9,hombres,436,143,24,1
2020-05-10,10-19,hombres,672,129,12,2
2020-05-10,20-29,hombres,4237,679,49,13
2020-05-10,30-39,hombres,8038,1898,165,37
2020-05-10,40-49,hombres,13844,4969,506,119
2020-05-10,50-59,hombres,17743,8200,1078,414
2020-05-10,60-69,hombres,17444,10367,1779,1141
2020-05-10,70-79,hombres,17666,12315,1535,3040
2020-05-10,80-89,hombres,15369,9572,180,4239
2020-05-10,90 y +,hombres,4981,2378,20,1526
2020-05-10,Total,hombres,100430,50650,5348,10532
2020-05-11,0-9,ambos,829,270,39,2
2020-05-11,10-19,ambos,1545,271,23,5
2020-05-11,20-29,ambos,13098,1458,87,23
2020-05-11,30-39,ambos,22056,3765,266,61
2020-05-11,40-49,ambos,34233,8634,735,197
2020-05-11,50-59,ambos,41897,14057,1540,605
2020-05-11,60-69,ambos,33838,17277,2526,1654
2020-05-11,70-79,ambos,32189,20829,2240,4529
2020-05-11,80-89,ambos,37153,18653,324,7688
2020-05-11,90 y +,ambos,18115,6208,48,3958
2020-05-11,Total,ambos,234953,91422,7828,18722
2020-05-11,0-9,mujeres,384,122,12,1
2020-05-11,10-19,mujeres,854,139,10,3
2020-05-11,20-29,mujeres,8807,772,38,10
2020-05-11,30-39,mujeres,13921,1841,100,22
2020-05-11,40-49,mujeres,20238,3611,226,72
2020-05-11,50-59,mujeres,23960,5775,446,178
2020-05-11,60-69,mujeres,16219,6817,714,483
2020-05-11,70-79,mujeres,14388,8392,685,1438
2020-05-11,80-89,mujeres,21635,8969,142,3393
2020-05-11,90 y +,mujeres,13055,3793,28,2413
2020-05-11,Total,mujeres,133461,40231,2401,8013
2020-05-11,0-9,hombres,445,148,27,1
2020-05-11,10-19,hombres,691,132,13,2
2020-05-11,20-29,hombres,4290,686,49,13
2020-05-11,30-39,hombres,8134,1924,166,39
2020-05-11,40-49,hombres,13995,5023,509,125
2020-05-11,50-59,hombres,17936,8281,1094,427
2020-05-11,60-69,hombres,17616,10459,1812,1171
2020-05-11,70-79,hombres,17801,12437,1555,3091
2020-05-11,80-89,hombres,15517,9683,182,4295
2020-05-11,90 y +,hombres,5060,2415,20,1545
2020-05-11,Total,hombres,101485,51188,5427,10709
2020-05-12,0-9,ambos,858,275,39,2
2020-05-12,10-19,ambos,1591,274,23,5
2020-05-12,20-29,ambos,13304,1463,89,23
2020-05-12,30-39,ambos,22423,3778,266,61
2020-05-12,40-49,ambos,34793,8663,738,198
2020-05-12,50-59,ambos,42515,14100,1547,607
2020-05-12,60-69,ambos,34181,17317,2535,1669
2020-05-12,70-79,ambos,32323,20875,2249,4544
2020-05-12,80-89,ambos,37268,18714,325,7728
2020-05-12,90 y +,ambos,18142,6228,48,3981
2020-05-12,Total,ambos,237398,91687,7859,18818
2020-05-12,0-9,mujeres,392,124,12,1
2020-05-12,10-19,mujeres,878,139,10,3
2020-05-12,20-29,mujeres,8950,776,39,9
2020-05-12,30-39,mujeres,14167,1850,100,22
2020-05-12,40-49,mujeres,20622,3627,226,71
2020-05-12,50-59,mujeres,24361,5791,448,176
2020-05-12,60-69,mujeres,16420,6829,716,488
2020-05-12,70-79,mujeres,14471,8422,688,1444
2020-05-12,80-89,mujeres,21692,8997,142,3416
2020-05-12,90 y +,mujeres,13073,3801,28,2426
2020-05-12,Total,mujeres,135026,40356,2409,8056
2020-05-12,0-9,hombres,466,151,27,1
2020-05-12,10-19,hombres,713,135,13,2
2020-05-12,20-29,hombres,4353,687,50,14
2020-05-12,30-39,hombres,8256,1928,166,39
2020-05-12,40-49,hombres,14171,5036,512,127
2020-05-12,50-59,hombres,18153,8308,1099,431
2020-05-12,60-69,hombres,17758,10487,1819,1181
2020-05-12,70-79,hombres,17852,12453,1561,3100
2020-05-12,80-89,hombres,15575,9716,183,4312
2020-05-12,90 y +,hombres,5069,2427,20,1555
2020-05-12,Total,hombres,102366,51328,5450,10762
2020-05-13,0-9,ambos,857,275,39,2
2020-05-13,10-19,ambos,1591,274,23,5
2020-05-13,20-29,ambos,13311,1463,89,23
2020-05-13,30-39,ambos,22428,3779,266,61
2020-05-13,40-49,ambos,34808,8666,739,200
2020-05-13,50-59,ambos,42512,14099,1548,607
2020-05-13,60-69,ambos,34188,17322,2535,1672
2020-05-13,70-79,ambos,32326,20878,2255,4555
2020-05-13,80-89,ambos,37269,18721,324,7736
2020-05-13,90 y +,ambos,18145,6233,48,3985
2020-05-13,Total,ambos,237435,91710,7866,18846
2020-05-13,0-9,mujeres,392,124,12,1
2020-05-13,10-19,mujeres,878,139,10,3
2020-05-13,20-29,mujeres,8955,776,39,9
2020-05-13,30-39,mujeres,14170,1851,100,22
2020-05-13,40-49,mujeres,20632,3628,226,71
2020-05-13,50-59,mujeres,24361,5791,448,176
2020-05-13,60-69,mujeres,16421,6830,717,489
2020-05-13,70-79,mujeres,14472,8422,688,1447
2020-05-13,80-89,mujeres,21691,9002,142,3419
2020-05-13,90 y +,mujeres,13075,3804,28,2429
2020-05-13,Total,mujeres,135047,40367,2410,8066
2020-05-13,0-9,hombres,465,151,27,1
2020-05-13,10-19,hombres,713,135,13,2
2020-05-13,20-29,hombres,4355,687,50,14
2020-05-13,30-39,hombres,8258,1928,166,39
2020-05-13,40-49,hombres,14176,5038,513,129
2020-05-13,50-59,hombres,18150,8307,1100,431
2020-05-13,60-69,hombres,17764,10491,1818,1183
2020-05-13,70-79,hombres,17854,12456,1567,3108
2020-05-13,80-89,hombres,15577,9718,182,4317
2020-05-13,90 y +,hombres,5070,2429,20,1556
2020-05-13,Total,hombres,102382,51340,5456,10780
2020-05-14,0-9,ambos,871,279,39,2
2020-05-14,10-19,ambos,1619,276,23,5
2020-05-14,20-29,ambos,13439,1476,89,23
2020-05-14,30-39,ambos,22643,3805,273,62
2020-05-14,40-49,ambos,35175,8659,741,201
2020-05-14,50-59,ambos,42874,14064,1560,610
2020-05-14,60-69,ambos,34380,17252,2532,1693
2020-05-14,70-79,ambos,32395,20773,2260,4628
2020-05-14,80-89,ambos,37409,18822,332,7861
2020-05-14,90 y +,ambos,18290,6336,57,4070
2020-05-14,Total,ambos,239095,91742,7906,19155
2020-05-14,0-9,mujeres,403,127,12,1
2020-05-14,10-19,mujeres,891,140,10,3
2020-05-14,20-29,mujeres,9046,788,39,9
2020-05-14,30-39,mujeres,14326,1875,105,22
2020-05-14,40-49,mujeres,20827,3637,230,70
2020-05-14,50-59,mujeres,24584,5773,450,177
2020-05-14,60-69,mujeres,16547,6807,725,496
2020-05-14,70-79,mujeres,14515,8395,689,1468
2020-05-14,80-89,mujeres,21786,9084,146,3489
2020-05-14,90 y +,mujeres,13179,3879,35,2487
2020-05-14,Total,mujeres,136104,40505,2441,8222
2020-05-14,0-9,hombres,468,152,27,1
2020-05-14,10-19,hombres,728,136,13,2
2020-05-14,20-29,hombres,4392,688,50,14
2020-05-14,30-39,hombres,8317,1930,168,40
2020-05-14,40-49,hombres,14348,5022,511,131
2020-05-14,50-59,hombres,18288,8290,1110,433
2020-05-14,60-69,hombres,17833,10445,1807,1197
2020-05-14,70-79,hombres,17880,12378,1571,3160
2020-05-14,80-89,hombres,15622,9737,186,4372
2020-05-14,90 y +,hombres,5111,2457,22,1583
2020-05-14,Total,hombres,102987,51235,5465,10933
2020-05-15,0-9,ambos,876,279,39,2
2020-05-15,10-19,ambos,1626,276,23,5
2020-05-15,20-29,ambos,13453,1477,89,23
2020-05-15,30-39,ambos,22669,3810,273,62
2020-05-15,40-49,ambos,35192,8660,741,201
2020-05-15,50-59,ambos,42909,14066,1561,611
2020-05-15,60-69,ambos,34403,17256,2532,1694
2020-05-15,70-79,ambos,32415,20779,2260,4630
2020-05-15,80-89,ambos,37426,18833,332,7867
2020-05-15,90 y +,ambos,18294,6340,56,4077
2020-05-15,Total,ambos,239263,91776,7906,19172
2020-05-15,0-9,mujeres,403,127,12,1
2020-05-15,10-19,mujeres,892,140,10,3
2020-05-15,20-29,mujeres,9048,788,39,9
2020-05-15,30-39,mujeres,14329,1875,105,22
2020-05-15,40-49,mujeres,20831,3638,230,70
2020-05-15,50-59,mujeres,24598,5774,451,177
2020-05-15,60-69,mujeres,16554,6809,725,497
2020-05-15,70-79,mujeres,14522,8396,689,1469
2020-05-15,80-89,mujeres,21791,9089,146,3495
2020-05-15,90 y +,mujeres,13183,3883,35,2492
2020-05-15,Total,mujeres,136151,40519,2442,8235
2020-05-15,0-9,hombres,470,152,21,1
2020-05-15,10-19,hombres,729,136,13,2
2020-05-15,20-29,hombres,4393,688,50,14
2020-05-15,30-39,hombres,8317,1931,168,40
2020-05-15,40-49,hombres,14349,5022,511,131
2020-05-15,50-59,hombres,18298,8292,1110,434
2020-05-15,60-69,hombres,17836,10446,1807,1197
2020-05-15,70-79,hombres,17882,12379,1571,3161
2020-05-15,80-89,hombres,15624,9738,186,4372
2020-05-15,90 y +,hombres,5108,2456,21,1585
2020-05-15,Total,hombres,103006,51240,5464,10937
2020-05-16,0-9,ambos,877,279,39,2
2020-05-16,10-19,ambos,1637,277,23,5
2020-05-16,20-29,ambos,13461,1477,89,23
2020-05-16,30-39,ambos,22639,3811,274,63
2020-05-16,40-49,ambos,35135,8666,740,201
2020-05-16,50-59,ambos,42794,14075,1562,611
2020-05-16,60-69,ambos,34360,17264,2534,1695
2020-05-16,70-79,ambos,32443,20794,2261,4632
2020-05-16,80-89,ambos,37463,18842,332,7872
2020-05-16,90 y +,ambos,18316,6346,56,4082
2020-05-16,Total,ambos,239125,91831,7910,19186
2020-05-16,0-9,mujeres,409,128,12,1
2020-05-16,10-19,mujeres,893,141,10,3
2020-05-16,20-29,mujeres,9045,788,39,9
2020-05-16,30-39,mujeres,14297,1876,105,22
2020-05-16,40-49,mujeres,20747,3640,229,70
2020-05-16,50-59,mujeres,24479,5778,451,177
2020-05-16,60-69,mujeres,16506,6811,725,497
2020-05-16,70-79,mujeres,14533,8398,688,1468
2020-05-16,80-89,mujeres,21805,9093,146,3500
2020-05-16,90 y +,mujeres,13195,3889,35,2493
2020-05-16,Total,mujeres,135909,40542,2440,8240
2020-05-16,0-9,hombres,463,151,27,1
2020-05-16,10-19,hombres,736,136,13,2
2020-05-16,20-29,hombres,4395,688,50,14
2020-05-16,30-39,hombres,8309,1930,169,41
2020-05-16,40-49,hombres,14352,5026,511,131
2020-05-16,50-59,hombres,18281,8295,1110,434
2020-05-16,60-69,hombres,17828,10449,1809,1198
2020-05-16,70-79,hombres,17889,12389,1573,3164
2020-05-16,80-89,hombres,15625,9740,186,4372
2020-05-16,90 y +,hombres,5105,2455,21,1589
2020-05-16,Total,hombres,102983,51259,5469,10946
2020-05-17,0-9,ambos,877,279,39,2
2020-05-17,10-19,ambos,1637,277,23,5
2020-05-17,20-29,ambos,13461,1477,89,23
2020-05-17,30-39,ambos,22639,3811,274,63
2020-05-17,40-49,ambos,35135,8666,740,201
2020-05-17,50-59,ambos,42794,14075,1562,611
2020-05-17,60-69,ambos,34360,17264,2534,1695
2020-05-17,70-79,ambos,32443,20794,2261,4632
2020-05-17,80-89,ambos,37463,18842,332,7872
2020-05-17,90 y +,ambos,18316,6346,56,4082
2020-05-17,Total,ambos,239125,91831,7910,19186
2020-05-17,0-9,mujeres,409,128,12,1
2020-05-17,10-19,mujeres,893,141,10,3
2020-05-17,20-29,mujeres,9045,788,39,9
2020-05-17,30-39,mujeres,14297,1876,105,22
2020-05-17,40-49,mujeres,20747,3640,229,70
2020-05-17,50-59,mujeres,24479,5778,451,177
2020-05-17,60-69,mujeres,16506,6811,725,497
2020-05-17,70-79,mujeres,14533,8398,688,1468
2020-05-17,80-89,mujeres,21805,9093,146,3500
2020-05-17,90 y +,mujeres,13195,3889,35,2493
2020-05-17,Total,mujeres,135909,40542,2440,8240
2020-05-17,0-9,hombres,463,151,27,1
2020-05-17,10-19,hombres,736,136,13,2
2020-05-17,20-29,hombres,4395,688,50,14
2020-05-17,30-39,hombres,8309,1930,169,41
2020-05-17,40-49,hombres,14352,5026,511,131
2020-05-17,50-59,hombres,18281,8295,1110,434
2020-05-17,60-69,hombres,17828,10449,1809,1198
2020-05-17,70-79,hombres,17889,12389,1573,3164
2020-05-17,80-89,hombres,15625,9740,186,4372
2020-05-17,90 y +,hombres,5105,2455,21,1589
2020-05-17,Total,hombres,102983,51259,5469,10946
2020-05-22,0-9,ambos,998,280,40,2
2020-05-22,10-19,ambos,1861,284,23,5
2020-05-22,20-29,ambos,14562,1470,83,24
2020-05-22,30-39,ambos,24075,3875,256,63
2020-05-22,40-49,ambos,36872,8752,708,217
2020-05-22,50-59,ambos,44591,14282,1535,657
2020-05-22,60-69,ambos,35713,17479,2491,1822
2020-05-22,70-79,ambos,33814,20900,2204,4887
2020-05-22,80-89,ambos,39909,18881,324,8458
2020-05-22,90 y +,ambos,19888,6369,57,4417
2020-05-22,Total,ambos,252283,92572,7721,20552
2020-05-22,0-9,mujeres,432,125,12,1
2020-05-22,10-19,mujeres,950,134,7,2
2020-05-22,20-29,mujeres,9573,772,34,9
2020-05-22,30-39,mujeres,14891,1888,90,21
2020-05-22,40-49,mujeres,21490,3619,213,77
2020-05-22,50-59,mujeres,25141,5857,436,191
2020-05-22,60-69,mujeres,16944,6854,695,540
2020-05-22,70-79,mujeres,15093,8427,675,1565
2020-05-22,80-89,mujeres,23180,9116,146,3795
2020-05-22,90 y +,mujeres,14289,3863,35,2727
2020-05-22,Total,mujeres,141983,40655,2343,8928
2020-05-22,0-9,hombres,501,148,27,1
2020-05-22,10-19,hombres,802,141,15,3
2020-05-22,20-29,hombres,4683,690,49,15
2020-05-22,30-39,hombres,8754,1944,163,42
2020-05-22,40-49,hombres,14817,5104,495,140
2020-05-22,50-59,hombres,18885,8369,1095,465
2020-05-22,60-69,hombres,18369,10557,1789,1282
2020-05-22,70-79,hombres,18414,12377,1525,3321
2020-05-22,80-89,hombres,16372,9653,178,4656
2020-05-22,90 y +,hombres,5373,2447,22,1683
2020-05-22,Total,hombres,106970,51430,5358,11608
