fecha,cod_ine,CCAA,total
2020-03-04,01,Andalucía,1
2020-03-05,01,Andalucía,1
2020-03-06,01,Andalucía,1
2020-03-09,01,Andalucía,1
2020-03-10,01,Andalucía,1
2020-03-11,01,Andalucía,3
2020-03-12,01,Andalucía,4
2020-03-13,01,Andalucía,8
2020-03-16,01,Andalucía,11
2020-03-17,01,Andalucía,13
2020-03-18,01,Andalucía,21
2020-03-19,01,Andalucía,25
2020-03-20,01,Andalucía,38
2020-03-21,01,Andalucía,53
2020-03-22,01,Andalucía,55
2020-03-23,01,Andalucía,77
2020-03-24,01,Andalucía,102
2020-03-25,01,Andalucía,116
2020-03-26,01,Andalucía,134
2020-03-27,01,Andalucía,148
2020-03-28,01,Andalucía,172
2020-03-29,01,Andalucía,201
2020-03-30,01,Andalucía,216
2020-03-31,01,Andalucía,235
2020-04-01,01,Andalucía,260
2020-04-02,01,Andalucía,280
2020-04-03,01,Andalucía,338
2020-04-04,01,Andalucía,364
2020-04-05,01,Andalucía,474
2020-04-06,01,Andalucía,489
2020-04-07,01,Andalucía,499
2020-04-08,01,Andalucía,520
2020-04-09,01,Andalucía,538
2020-04-10,01,Andalucía,582
2020-04-11,01,Andalucía,602
2020-04-12,01,Andalucía,619
2020-04-13,01,Andalucía,621
2020-04-14,01,Andalucía,631
2020-04-15,01,Andalucía,665
2020-04-16,01,Andalucía,671
2020-04-17,01,Andalucía,675
2020-04-18,01,Andalucía,677
2020-04-19,01,Andalucía,687
2020-04-20,01,Andalucía,690
2020-04-21,01,Andalucía,692
2020-04-22,01,Andalucía,696
2020-04-23,01,Andalucía,702
2020-04-24,01,Andalucía,714
2020-04-25,01,Andalucía,717
2020-04-26,01,Andalucía,716
2020-04-27,01,Andalucía,720
2020-04-28,01,Andalucía,721
2020-04-29,01,Andalucía,722
2020-04-30,01,Andalucía,721
2020-03-04,02,Aragón,0
2020-03-05,02,Aragón,1
2020-03-06,02,Aragón,1
2020-03-09,02,Aragón,1
2020-03-10,02,Aragón,3
2020-03-11,02,Aragón,3
2020-03-12,02,Aragón,3
2020-03-13,02,Aragón,3
2020-03-16,02,Aragón,7
2020-03-17,02,Aragón,9
2020-03-18,02,Aragón,9
2020-03-19,02,Aragón,14
2020-03-20,02,Aragón,28
2020-03-21,02,Aragón,33
2020-03-22,02,Aragón,45
2020-03-23,02,Aragón,52
2020-03-24,02,Aragón,66
2020-03-25,02,Aragón,75
2020-03-26,02,Aragón,93
2020-03-27,02,Aragón,114
2020-03-28,02,Aragón,124
2020-03-29,02,Aragón,124
2020-03-30,02,Aragón,156
2020-03-31,02,Aragón,165
2020-04-01,02,Aragón,168
2020-04-02,02,Aragón,178
2020-04-03,02,Aragón,180
2020-04-04,02,Aragón,190
2020-04-05,02,Aragón,233
2020-04-06,02,Aragón,237
2020-04-07,02,Aragón,247
2020-04-08,02,Aragón,255
2020-04-09,02,Aragón,261
2020-04-10,02,Aragón,263
2020-04-11,02,Aragón,266
2020-04-12,02,Aragón,272
2020-04-13,02,Aragón,274
2020-04-14,02,Aragón,280
2020-04-15,02,Aragón,282
2020-04-16,02,Aragón,291
2020-04-17,02,Aragón,240
2020-04-18,02,Aragón,243
2020-04-19,02,Aragón,246
2020-04-20,02,Aragón,248
2020-04-21,02,Aragón,250
2020-04-22,02,Aragón,252
2020-04-23,02,Aragón,253
2020-04-24,02,Aragón,254
2020-04-25,02,Aragón,255
2020-04-26,02,Aragón,257
2020-04-27,02,Aragón,257
2020-04-28,02,Aragón,258
2020-04-29,02,Aragón,258
2020-04-30,02,Aragón,258
2020-03-04,03,Asturias,1
2020-03-05,03,Asturias,2
2020-03-06,03,Asturias,2
2020-03-09,03,Asturias,2
2020-03-10,03,Asturias,2
2020-03-11,03,Asturias,2
2020-03-12,03,Asturias,2
2020-03-13,03,Asturias,2
2020-03-16,03,Asturias,3
2020-03-17,03,Asturias,5
2020-03-18,03,Asturias,5
2020-03-19,03,Asturias,6
2020-03-20,03,Asturias,7
2020-03-21,03,Asturias,12
2020-03-22,03,Asturias,15
2020-03-23,03,Asturias,22
2020-03-24,03,Asturias,23
2020-03-25,03,Asturias,29
2020-03-26,03,Asturias,34
2020-03-27,03,Asturias,47
2020-03-28,03,Asturias,50
2020-03-29,03,Asturias,57
2020-03-30,03,Asturias,60
2020-03-31,03,Asturias,65
2020-04-01,03,Asturias,76
2020-04-02,03,Asturias,79
2020-04-03,03,Asturias,86
2020-04-04,03,Asturias,87
2020-04-05,03,Asturias,90
2020-04-06,03,Asturias,90
2020-04-07,03,Asturias,91
2020-04-08,03,Asturias,91
2020-04-09,03,Asturias,94
2020-04-10,03,Asturias,100
2020-04-11,03,Asturias,105
2020-04-12,03,Asturias,106
2020-04-13,03,Asturias,110
2020-04-14,03,Asturias,111
2020-04-15,03,Asturias,114
2020-04-16,03,Asturias,116
2020-04-17,03,Asturias,118
2020-04-18,03,Asturias,119
2020-04-19,03,Asturias,120
2020-04-20,03,Asturias,122
2020-04-21,03,Asturias,122
2020-04-22,03,Asturias,128
2020-04-23,03,Asturias,130
2020-04-24,03,Asturias,131
2020-04-25,03,Asturias,132
2020-04-26,03,Asturias,134
2020-04-27,03,Asturias,137
2020-04-28,03,Asturias,137
2020-04-29,03,Asturias,137
2020-04-30,03,Asturias,137
2020-03-04,04,Baleares,0
2020-03-05,04,Baleares,0
2020-03-06,04,Baleares,0
2020-03-09,04,Baleares,0
2020-03-10,04,Baleares,1
2020-03-11,04,Baleares,1
2020-03-12,04,Baleares,2
2020-03-13,04,Baleares,2
2020-03-16,04,Baleares,4
2020-03-17,04,Baleares,4
2020-03-18,04,Baleares,4
2020-03-19,04,Baleares,7
2020-03-20,04,Baleares,10
2020-03-21,04,Baleares,14
2020-03-22,04,Baleares,14
2020-03-23,04,Baleares,27
2020-03-24,04,Baleares,35
2020-03-25,04,Baleares,40
2020-03-26,04,Baleares,43
2020-03-27,04,Baleares,46
2020-03-28,04,Baleares,59
2020-03-29,04,Baleares,71
2020-03-30,04,Baleares,80
2020-03-31,04,Baleares,85
2020-04-01,04,Baleares,95
2020-04-02,04,Baleares,105
2020-04-03,04,Baleares,112
2020-04-04,04,Baleares,114
2020-04-05,04,Baleares,120
2020-04-06,04,Baleares,121
2020-04-07,04,Baleares,124
2020-04-08,04,Baleares,129
2020-04-09,04,Baleares,132
2020-04-10,04,Baleares,136
2020-04-11,04,Baleares,137
2020-04-12,04,Baleares,142
2020-04-13,04,Baleares,143
2020-04-14,04,Baleares,145
2020-04-15,04,Baleares,149
2020-04-16,04,Baleares,152
2020-04-17,04,Baleares,152
2020-04-18,04,Baleares,157
2020-04-19,04,Baleares,160
2020-04-20,04,Baleares,161
2020-04-21,04,Baleares,161
2020-04-22,04,Baleares,166
2020-04-23,04,Baleares,167
2020-04-24,04,Baleares,166
2020-04-25,04,Baleares,166
2020-04-26,04,Baleares,166
2020-04-27,04,Baleares,166
2020-04-28,04,Baleares,166
2020-04-29,04,Baleares,166
2020-04-30,04,Baleares,167
2020-03-04,05,Canarias,0
2020-03-05,05,Canarias,0
2020-03-06,05,Canarias,0
2020-03-09,05,Canarias,0
2020-03-10,05,Canarias,1
2020-03-11,05,Canarias,1
2020-03-12,05,Canarias,3
2020-03-13,05,Canarias,2
2020-03-16,05,Canarias,9
2020-03-17,05,Canarias,13
2020-03-18,05,Canarias,17
2020-03-19,05,Canarias,23
2020-03-20,05,Canarias,25
2020-03-21,05,Canarias,29
2020-03-22,05,Canarias,32
2020-03-23,05,Canarias,32
2020-03-24,05,Canarias,36
2020-03-25,05,Canarias,43
2020-03-26,05,Canarias,45
2020-03-27,05,Canarias,61
2020-03-28,05,Canarias,68
2020-03-29,05,Canarias,78
2020-03-30,05,Canarias,84
2020-03-31,05,Canarias,94
2020-04-01,05,Canarias,110
2020-04-02,05,Canarias,113
2020-04-03,05,Canarias,120
2020-04-04,05,Canarias,128
2020-04-05,05,Canarias,129
2020-04-06,05,Canarias,133
2020-04-07,05,Canarias,137
2020-04-08,05,Canarias,138
2020-04-09,05,Canarias,140
2020-04-10,05,Canarias,141
2020-04-11,05,Canarias,144
2020-04-12,05,Canarias,144
2020-04-13,05,Canarias,145
2020-04-14,05,Canarias,147
2020-04-15,05,Canarias,152
2020-04-16,05,Canarias,156
2020-04-17,05,Canarias,159
2020-04-18,05,Canarias,160
2020-04-19,05,Canarias,162
2020-04-20,05,Canarias,163
2020-04-21,05,Canarias,164
2020-04-22,05,Canarias,164
2020-04-23,05,Canarias,169
2020-04-24,05,Canarias,169
2020-04-25,05,Canarias,171
2020-04-26,05,Canarias,171
2020-04-27,05,Canarias,171
2020-04-28,05,Canarias,174
2020-04-29,05,Canarias,176
2020-04-30,05,Canarias,176
2020-03-04,06,Cantabria,0
2020-03-05,06,Cantabria,0
2020-03-06,06,Cantabria,0
2020-03-09,06,Cantabria,0
2020-03-10,06,Cantabria,0
2020-03-11,06,Cantabria,0
2020-03-12,06,Cantabria,0
2020-03-13,06,Cantabria,0
2020-03-16,06,Cantabria,2
2020-03-17,06,Cantabria,2
2020-03-18,06,Cantabria,3
2020-03-19,06,Cantabria,4
2020-03-20,06,Cantabria,7
2020-03-21,06,Cantabria,9
2020-03-22,06,Cantabria,9
2020-03-23,06,Cantabria,14
2020-03-24,06,Cantabria,16
2020-03-25,06,Cantabria,18
2020-03-26,06,Cantabria,26
2020-03-27,06,Cantabria,29
2020-03-28,06,Cantabria,37
2020-03-29,06,Cantabria,40
2020-03-30,06,Cantabria,46
2020-03-31,06,Cantabria,50
2020-04-01,06,Cantabria,54
2020-04-02,06,Cantabria,57
2020-04-03,06,Cantabria,59
2020-04-04,06,Cantabria,60
2020-04-05,06,Cantabria,62
2020-04-06,06,Cantabria,65
2020-04-07,06,Cantabria,66
2020-04-08,06,Cantabria,69
2020-04-09,06,Cantabria,71
2020-04-10,06,Cantabria,73
2020-04-11,06,Cantabria,75
2020-04-12,06,Cantabria,75
2020-04-13,06,Cantabria,75
2020-04-14,06,Cantabria,76
2020-04-15,06,Cantabria,76
2020-04-16,06,Cantabria,77
2020-04-17,06,Cantabria,78
2020-04-18,06,Cantabria,78
2020-04-19,06,Cantabria,78
2020-04-20,06,Cantabria,78
2020-04-21,06,Cantabria,78
2020-04-22,06,Cantabria,78
2020-04-23,06,Cantabria,78
2020-04-24,06,Cantabria,78
2020-04-25,06,Cantabria,78
2020-04-26,06,Cantabria,78
2020-04-27,06,Cantabria,78
2020-04-28,06,Cantabria,78
2020-04-29,06,Cantabria,79
2020-04-30,06,Cantabria,79
2020-03-04,08,Castilla-La Mancha,1
2020-03-05,08,Castilla-La Mancha,1
2020-03-06,08,Castilla-La Mancha,1
2020-03-09,08,Castilla-La Mancha,2
2020-03-10,08,Castilla-La Mancha,2
2020-03-11,08,Castilla-La Mancha,5
2020-03-12,08,Castilla-La Mancha,9
2020-03-13,08,Castilla-La Mancha,10
2020-03-16,08,Castilla-La Mancha,23
2020-03-17,08,Castilla-La Mancha,23
2020-03-18,08,Castilla-La Mancha,29
2020-03-19,08,Castilla-La Mancha,37
2020-03-20,08,Castilla-La Mancha,53
2020-03-21,08,Castilla-La Mancha,65
2020-03-22,08,Castilla-La Mancha,76
2020-03-23,08,Castilla-La Mancha,142
2020-03-24,08,Castilla-La Mancha,182
2020-03-25,08,Castilla-La Mancha,210
2020-03-26,08,Castilla-La Mancha,243
2020-03-27,08,Castilla-La Mancha,273
2020-03-28,08,Castilla-La Mancha,289
2020-03-29,08,Castilla-La Mancha,299
2020-03-30,08,Castilla-La Mancha,302
2020-03-31,08,Castilla-La Mancha,344
2020-04-01,08,Castilla-La Mancha,353
2020-04-02,08,Castilla-La Mancha,355
2020-04-03,08,Castilla-La Mancha,355
2020-04-04,08,Castilla-La Mancha,360
2020-04-05,08,Castilla-La Mancha,357
2020-04-06,08,Castilla-La Mancha,354
2020-04-07,08,Castilla-La Mancha,360
2020-04-08,08,Castilla-La Mancha,354
2020-04-09,08,Castilla-La Mancha,342
2020-04-10,08,Castilla-La Mancha,329
2020-04-11,08,Castilla-La Mancha,316
2020-04-12,08,Castilla-La Mancha,316
2020-04-13,08,Castilla-La Mancha,475
2020-04-14,08,Castilla-La Mancha,486
2020-04-15,08,Castilla-La Mancha,495
2020-04-16,08,Castilla-La Mancha,503
2020-04-17,08,Castilla-La Mancha,511
2020-04-18,08,Castilla-La Mancha,514
2020-04-19,08,Castilla-La Mancha,518
2020-04-20,08,Castilla-La Mancha,531
2020-04-21,08,Castilla-La Mancha,534
2020-04-22,08,Castilla-La Mancha,537
2020-04-23,08,Castilla-La Mancha,546
2020-04-24,08,Castilla-La Mancha,553
2020-04-25,08,Castilla-La Mancha,559
2020-04-26,08,Castilla-La Mancha,565
2020-04-27,08,Castilla-La Mancha,579
2020-04-28,08,Castilla-La Mancha,584
2020-04-29,08,Castilla-La Mancha,588
2020-04-30,08,Castilla-La Mancha,592
2020-03-04,07,Castilla y León,1
2020-03-05,07,Castilla y León,1
2020-03-06,07,Castilla y León,1
2020-03-09,07,Castilla y León,1
2020-03-10,07,Castilla y León,2
2020-03-11,07,Castilla y León,2
2020-03-12,07,Castilla y León,4
2020-03-13,07,Castilla y León,8
2020-03-16,07,Castilla y León,24
2020-03-17,07,Castilla y León,24
2020-03-18,07,Castilla y León,43
2020-03-19,07,Castilla y León,54
2020-03-20,07,Castilla y León,69
2020-03-21,07,Castilla y León,85
2020-03-22,07,Castilla y León,106
2020-03-23,07,Castilla y León,120
2020-03-24,07,Castilla y León,137
2020-03-25,07,Castilla y León,170
2020-03-26,07,Castilla y León,202
2020-03-27,07,Castilla y León,228
2020-03-28,07,Castilla y León,249
2020-03-29,07,Castilla y León,278
2020-03-30,07,Castilla y León,307
2020-03-31,07,Castilla y León,325
2020-04-01,07,Castilla y León,345
2020-04-02,07,Castilla y León,353
2020-04-03,07,Castilla y León,355
2020-04-04,07,Castilla y León,348
2020-04-05,07,Castilla y León,351
2020-04-06,07,Castilla y León,348
2020-04-07,07,Castilla y León,346
2020-04-08,07,Castilla y León,342
2020-04-09,07,Castilla y León,338
2020-04-10,07,Castilla y León,332
2020-04-11,07,Castilla y León,327
2020-04-12,07,Castilla y León,323
2020-04-13,07,Castilla y León,312
2020-04-14,07,Castilla y León,308
2020-04-15,07,Castilla y León,306
2020-04-16,07,Castilla y León,307
2020-04-17,07,Castilla y León,297
2020-04-18,07,Castilla y León,495
2020-04-19,07,Castilla y León,498
2020-04-20,07,Castilla y León,501
2020-04-21,07,Castilla y León,503
2020-04-22,07,Castilla y León,505
2020-04-23,07,Castilla y León,508
2020-04-24,07,Castilla y León,510
2020-04-25,07,Castilla y León,511
2020-04-26,07,Castilla y León,515
2020-04-27,07,Castilla y León,518
2020-04-28,07,Castilla y León,522
2020-04-29,07,Castilla y León,524
2020-04-30,07,Castilla y León,528
2020-03-04,09,Cataluña,0
2020-03-05,09,Cataluña,0
2020-03-06,09,Cataluña,0
2020-03-09,09,Cataluña,0
2020-03-10,09,Cataluña,0
2020-03-11,09,Cataluña,0
2020-03-12,09,Cataluña,0
2020-03-13,09,Cataluña,25
2020-03-16,09,Cataluña,33
2020-03-17,09,Cataluña,33
2020-03-18,09,Cataluña,33
2020-03-19,09,Cataluña,33
2020-03-20,09,Cataluña,33
2020-03-21,09,Cataluña,298
2020-03-22,09,Cataluña,298
2020-03-23,09,Cataluña,551
2020-03-24,09,Cataluña,551
2020-03-25,09,Cataluña,781
2020-03-26,09,Cataluña,1021
2020-03-27,09,Cataluña,1187
2020-03-28,09,Cataluña,1324
2020-03-29,09,Cataluña,1391
2020-03-30,09,Cataluña,1512
2020-03-31,09,Cataluña,1652
2020-04-01,09,Cataluña,1769
2020-04-02,09,Cataluña,1855
2020-04-03,09,Cataluña,2053
2020-04-04,09,Cataluña,2108
2020-04-05,09,Cataluña,2249
2020-04-06,09,Cataluña,2276
2020-04-07,09,Cataluña,2391
2020-04-08,09,Cataluña,2442
2020-04-09,09,Cataluña,2507
2020-04-10,09,Cataluña,2582
2020-04-11,09,Cataluña,2629
2020-04-12,09,Cataluña,2658
2020-04-13,09,Cataluña,2713
2020-04-14,09,Cataluña,2775
2020-04-15,09,Cataluña,2789
2020-04-16,09,Cataluña,2798
2020-04-17,09,Cataluña,2305
2020-04-18,09,Cataluña,2349
2020-04-19,09,Cataluña,2395
2020-04-20,09,Cataluña,2409
2020-04-21,09,Cataluña,2437
2020-04-22,09,Cataluña,2460
2020-04-23,09,Cataluña,2478
2020-04-24,09,Cataluña,2569
2020-04-25,09,Cataluña,2576
2020-04-26,09,Cataluña,2583
2020-04-27,09,Cataluña,2724
2020-04-28,09,Cataluña,2750
2020-04-29,09,Cataluña,2768
2020-04-30,09,Cataluña,2784
2020-03-04,18,Ceuta,0
2020-03-05,18,Ceuta,0
2020-03-06,18,Ceuta,0
2020-03-09,18,Ceuta,0
2020-03-10,18,Ceuta,0
2020-03-11,18,Ceuta,0
2020-03-12,18,Ceuta,0
2020-03-13,18,Ceuta,0
2020-03-16,18,Ceuta,0
2020-03-17,18,Ceuta,0
2020-03-18,18,Ceuta,0
2020-03-19,18,Ceuta,0
2020-03-20,18,Ceuta,0
2020-03-21,18,Ceuta,0
2020-03-22,18,Ceuta,0
2020-03-23,18,Ceuta,0
2020-03-24,18,Ceuta,0
2020-03-25,18,Ceuta,1
2020-03-26,18,Ceuta,2
2020-03-27,18,Ceuta,2
2020-03-28,18,Ceuta,2
2020-03-29,18,Ceuta,2
2020-03-30,18,Ceuta,2
2020-03-31,18,Ceuta,3
2020-04-01,18,Ceuta,3
2020-04-02,18,Ceuta,3
2020-04-03,18,Ceuta,3
2020-04-04,18,Ceuta,4
2020-04-05,18,Ceuta,4
2020-04-06,18,Ceuta,4
2020-04-07,18,Ceuta,4
2020-04-08,18,Ceuta,4
2020-04-09,18,Ceuta,4
2020-04-10,18,Ceuta,4
2020-04-11,18,Ceuta,4
2020-04-12,18,Ceuta,4
2020-04-13,18,Ceuta,4
2020-04-14,18,Ceuta,4
2020-04-15,18,Ceuta,4
2020-04-16,18,Ceuta,4
2020-04-17,18,Ceuta,4
2020-04-18,18,Ceuta,4
2020-04-19,18,Ceuta,4
2020-04-20,18,Ceuta,4
2020-04-21,18,Ceuta,4
2020-04-22,18,Ceuta,4
2020-04-23,18,Ceuta,4
2020-04-24,18,Ceuta,4
2020-04-25,18,Ceuta,4
2020-04-26,18,Ceuta,4
2020-04-27,18,Ceuta,4
2020-04-28,18,Ceuta,4
2020-04-29,18,Ceuta,4
2020-04-30,18,Ceuta,4
2020-03-04,10,C. Valenciana,0
2020-03-05,10,C. Valenciana,0
2020-03-06,10,C. Valenciana,1
2020-03-09,10,C. Valenciana,1
2020-03-10,10,C. Valenciana,1
2020-03-11,10,C. Valenciana,1
2020-03-12,10,C. Valenciana,2
2020-03-13,10,C. Valenciana,2
2020-03-16,10,C. Valenciana,4
2020-03-17,10,C. Valenciana,27
2020-03-18,10,C. Valenciana,40
2020-03-19,10,C. Valenciana,52
2020-03-20,10,C. Valenciana,71
2020-03-21,10,C. Valenciana,84
2020-03-22,10,C. Valenciana,113
2020-03-23,10,C. Valenciana,138
2020-03-24,10,C. Valenciana,161
2020-03-25,10,C. Valenciana,198
2020-03-26,10,C. Valenciana,230
2020-03-27,10,C. Valenciana,252
2020-03-28,10,C. Valenciana,282
2020-03-29,10,C. Valenciana,309
2020-03-30,10,C. Valenciana,336
2020-03-31,10,C. Valenciana,356
2020-04-01,10,C. Valenciana,365
2020-04-02,10,C. Valenciana,379
2020-04-03,10,C. Valenciana,386
2020-04-04,10,C. Valenciana,386
2020-04-05,10,C. Valenciana,381
2020-04-06,10,C. Valenciana,384
2020-04-07,10,C. Valenciana,384
2020-04-08,10,C. Valenciana,371
2020-04-09,10,C. Valenciana,541
2020-04-10,10,C. Valenciana,561
2020-04-11,10,C. Valenciana,565
2020-04-12,10,C. Valenciana,567
2020-04-13,10,C. Valenciana,576
2020-04-14,10,C. Valenciana,581
2020-04-15,10,C. Valenciana,588
2020-04-16,10,C. Valenciana,625
2020-04-17,10,C. Valenciana,632
2020-04-18,10,C. Valenciana,636
2020-04-19,10,C. Valenciana,643
2020-04-20,10,C. Valenciana,646
2020-04-21,10,C. Valenciana,648
2020-04-22,10,C. Valenciana,649
2020-04-23,10,C. Valenciana,650
2020-04-24,10,C. Valenciana,651
2020-04-25,10,C. Valenciana,653
2020-04-26,10,C. Valenciana,654
2020-04-27,10,C. Valenciana,656
2020-04-28,10,C. Valenciana,659
2020-04-29,10,C. Valenciana,662
2020-04-30,10,C. Valenciana,663
2020-03-04,11,Extremadura,0
2020-03-05,11,Extremadura,0
2020-03-06,11,Extremadura,0
2020-03-09,11,Extremadura,0
2020-03-10,11,Extremadura,0
2020-03-11,11,Extremadura,1
2020-03-12,11,Extremadura,1
2020-03-13,11,Extremadura,1
2020-03-16,11,Extremadura,1
2020-03-17,11,Extremadura,2
2020-03-18,11,Extremadura,3
2020-03-19,11,Extremadura,3
2020-03-20,11,Extremadura,4
2020-03-21,11,Extremadura,6
2020-03-22,11,Extremadura,8
2020-03-23,11,Extremadura,13
2020-03-24,11,Extremadura,20
2020-03-25,11,Extremadura,28
2020-03-26,11,Extremadura,34
2020-03-27,11,Extremadura,40
2020-03-28,11,Extremadura,40
2020-03-29,11,Extremadura,41
2020-03-30,11,Extremadura,43
2020-03-31,11,Extremadura,51
2020-04-01,11,Extremadura,58
2020-04-02,11,Extremadura,62
2020-04-03,11,Extremadura,64
2020-04-04,11,Extremadura,64
2020-04-05,11,Extremadura,66
2020-04-06,11,Extremadura,66
2020-04-07,11,Extremadura,70
2020-04-08,11,Extremadura,98
2020-04-09,11,Extremadura,99
2020-04-10,11,Extremadura,101
2020-04-11,11,Extremadura,104
2020-04-12,11,Extremadura,106
2020-04-13,11,Extremadura,108
2020-04-14,11,Extremadura,108
2020-04-15,11,Extremadura,109
2020-04-16,11,Extremadura,110
2020-04-17,11,Extremadura,110
2020-04-18,11,Extremadura,112
2020-04-19,11,Extremadura,112
2020-04-20,11,Extremadura,112
2020-04-21,11,Extremadura,112
2020-04-22,11,Extremadura,112
2020-04-23,11,Extremadura,113
2020-04-24,11,Extremadura,108
2020-04-25,11,Extremadura,107
2020-04-26,11,Extremadura,108
2020-04-27,11,Extremadura,108
2020-04-28,11,Extremadura,108
2020-04-29,11,Extremadura,108
2020-04-30,11,Extremadura,108
2020-03-04,12,Galicia,0
2020-03-05,12,Galicia,0
2020-03-06,12,Galicia,0
2020-03-09,12,Galicia,0
2020-03-10,12,Galicia,2
2020-03-11,12,Galicia,2
2020-03-12,12,Galicia,2
2020-03-13,12,Galicia,2
2020-03-16,12,Galicia,9
2020-03-17,12,Galicia,9
2020-03-18,12,Galicia,12
2020-03-19,12,Galicia,15
2020-03-20,12,Galicia,19
2020-03-21,12,Galicia,29
2020-03-22,12,Galicia,35
2020-03-23,12,Galicia,47
2020-03-24,12,Galicia,55
2020-03-25,12,Galicia,69
2020-03-26,12,Galicia,86
2020-03-27,12,Galicia,98
2020-03-28,12,Galicia,112
2020-03-29,12,Galicia,123
2020-03-30,12,Galicia,134
2020-03-31,12,Galicia,149
2020-04-01,12,Galicia,158
2020-04-02,12,Galicia,165
2020-04-03,12,Galicia,178
2020-04-04,12,Galicia,178
2020-04-05,12,Galicia,170
2020-04-06,12,Galicia,170
2020-04-07,12,Galicia,162
2020-04-08,12,Galicia,158
2020-04-09,12,Galicia,155
2020-04-10,12,Galicia,151
2020-04-11,12,Galicia,144
2020-04-12,12,Galicia,140
2020-04-13,12,Galicia,136
2020-04-14,12,Galicia,133
2020-04-15,12,Galicia,128
2020-04-16,12,Galicia,123
2020-04-17,12,Galicia,117
2020-04-18,12,Galicia,115
2020-04-19,12,Galicia,112
2020-04-20,12,Galicia,108
2020-04-21,12,Galicia,101
2020-04-22,12,Galicia,96
2020-04-23,12,Galicia,92
2020-04-24,12,Galicia,87
2020-04-25,12,Galicia,90
2020-04-26,12,Galicia,85
2020-04-27,12,Galicia,83
2020-04-28,12,Galicia,73
2020-04-29,12,Galicia,308
2020-04-30,12,Galicia,310
2020-03-04,13,Madrid,2
2020-03-05,13,Madrid,2
2020-03-06,13,Madrid,2
2020-03-09,13,Madrid,53
2020-03-10,13,Madrid,77
2020-03-11,13,Madrid,102
2020-03-12,13,Madrid,135
2020-03-13,13,Madrid,180
2020-03-16,13,Madrid,253
2020-03-17,13,Madrid,340
2020-03-18,13,Madrid,491
2020-03-19,13,Madrid,590
2020-03-20,13,Madrid,678
2020-03-21,13,Madrid,767
2020-03-22,13,Madrid,834
2020-03-23,13,Madrid,942
2020-03-24,13,Madrid,1050
2020-03-25,13,Madrid,1150
2020-03-26,13,Madrid,1221
2020-03-27,13,Madrid,1312
2020-03-28,13,Madrid,1404
2020-03-29,13,Madrid,1429
2020-03-30,13,Madrid,1460
2020-03-31,13,Madrid,1514
2020-04-01,13,Madrid,1514
2020-04-02,13,Madrid,1528
2020-04-03,13,Madrid,1506
2020-04-04,13,Madrid,1498
2020-04-05,13,Madrid,1499
2020-04-06,13,Madrid,1510
2020-04-07,13,Madrid,1494
2020-04-08,13,Madrid,1450
2020-04-09,13,Madrid,1433
2020-04-10,13,Madrid,1399
2020-04-11,13,Madrid,1376
2020-04-12,13,Madrid,1332
2020-04-13,13,Madrid,1327
2020-04-14,13,Madrid,1299
2020-04-15,13,Madrid,1244
2020-04-16,13,Madrid,1206
2020-04-17,13,Madrid,1154
2020-04-18,13,Madrid,1094
2020-04-19,13,Madrid,1123
2020-04-20,13,Madrid,1111
2020-04-21,13,Madrid,1076
2020-04-22,13,Madrid,1024
2020-04-23,13,Madrid,981
2020-04-24,13,Madrid,949
2020-04-25,13,Madrid,892
2020-04-26,13,Madrid,873
2020-04-27,13,Madrid,3309
2020-04-28,13,Madrid,3338
2020-04-29,13,Madrid,3355
2020-04-30,13,Madrid,3377
2020-03-04,19,Melilla,0
2020-03-05,19,Melilla,0
2020-03-06,19,Melilla,0
2020-03-09,19,Melilla,0
2020-03-10,19,Melilla,0
2020-03-11,19,Melilla,0
2020-03-12,19,Melilla,0
2020-03-13,19,Melilla,0
2020-03-16,19,Melilla,0
2020-03-17,19,Melilla,0
2020-03-18,19,Melilla,0
2020-03-19,19,Melilla,0
2020-03-20,19,Melilla,1
2020-03-21,19,Melilla,1
2020-03-22,19,Melilla,1
2020-03-23,19,Melilla,1
2020-03-24,19,Melilla,1
2020-03-25,19,Melilla,2
2020-03-26,19,Melilla,2
2020-03-27,19,Melilla,2
2020-03-28,19,Melilla,2
2020-03-29,19,Melilla,2
2020-03-30,19,Melilla,3
2020-03-31,19,Melilla,3
2020-04-01,19,Melilla,3
2020-04-02,19,Melilla,3
2020-04-03,19,Melilla,3
2020-04-04,19,Melilla,3
2020-04-05,19,Melilla,3
2020-04-06,19,Melilla,3
2020-04-07,19,Melilla,3
2020-04-08,19,Melilla,3
2020-04-09,19,Melilla,3
2020-04-10,19,Melilla,3
2020-04-11,19,Melilla,3
2020-04-12,19,Melilla,3
2020-04-13,19,Melilla,3
2020-04-14,19,Melilla,3
2020-04-15,19,Melilla,3
2020-04-16,19,Melilla,3
2020-04-17,19,Melilla,3
2020-04-18,19,Melilla,3
2020-04-19,19,Melilla,3
2020-04-20,19,Melilla,3
2020-04-21,19,Melilla,3
2020-04-22,19,Melilla,3
2020-04-23,19,Melilla,3
2020-04-24,19,Melilla,3
2020-04-25,19,Melilla,3
2020-04-26,19,Melilla,3
2020-04-27,19,Melilla,3
2020-04-28,19,Melilla,3
2020-04-29,19,Melilla,3
2020-04-30,19,Melilla,3
2020-03-04,14,Murcia,0
2020-03-05,14,Murcia,0
2020-03-06,14,Murcia,0
2020-03-09,14,Murcia,0
2020-03-10,14,Murcia,0
2020-03-11,14,Murcia,0
2020-03-12,14,Murcia,1
2020-03-13,14,Murcia,1
2020-03-16,14,Murcia,2
2020-03-17,14,Murcia,3
2020-03-18,14,Murcia,4
2020-03-19,14,Murcia,6
2020-03-20,14,Murcia,11
2020-03-21,14,Murcia,14
2020-03-22,14,Murcia,16
2020-03-23,14,Murcia,23
2020-03-24,14,Murcia,26
2020-03-25,14,Murcia,33
2020-03-26,14,Murcia,36
2020-03-27,14,Murcia,53
2020-03-28,14,Murcia,58
2020-03-29,14,Murcia,58
2020-03-30,14,Murcia,58
2020-03-31,14,Murcia,59
2020-04-01,14,Murcia,59
2020-04-02,14,Murcia,68
2020-04-03,14,Murcia,72
2020-04-04,14,Murcia,79
2020-04-05,14,Murcia,80
2020-04-06,14,Murcia,81
2020-04-07,14,Murcia,84
2020-04-08,14,Murcia,86
2020-04-09,14,Murcia,87
2020-04-10,14,Murcia,88
2020-04-11,14,Murcia,88
2020-04-12,14,Murcia,91
2020-04-13,14,Murcia,94
2020-04-14,14,Murcia,96
2020-04-15,14,Murcia,97
2020-04-16,14,Murcia,97
2020-04-17,14,Murcia,99
2020-04-18,14,Murcia,102
2020-04-19,14,Murcia,102
2020-04-20,14,Murcia,103
2020-04-21,14,Murcia,104
2020-04-22,14,Murcia,104
2020-04-23,14,Murcia,104
2020-04-24,14,Murcia,105
2020-04-25,14,Murcia,105
2020-04-26,14,Murcia,106
2020-04-27,14,Murcia,106
2020-04-28,14,Murcia,106
2020-04-29,14,Murcia,106
2020-04-30,14,Murcia,108
2020-03-04,15,Navarra,1
2020-03-05,15,Navarra,1
2020-03-06,15,Navarra,1
2020-03-09,15,Navarra,1
2020-03-10,15,Navarra,2
2020-03-11,15,Navarra,3
2020-03-12,15,Navarra,3
2020-03-13,15,Navarra,4
2020-03-16,15,Navarra,5
2020-03-17,15,Navarra,10
2020-03-18,15,Navarra,10
2020-03-19,15,Navarra,11
2020-03-20,15,Navarra,19
2020-03-21,15,Navarra,25
2020-03-22,15,Navarra,30
2020-03-23,15,Navarra,40
2020-03-24,15,Navarra,45
2020-03-25,15,Navarra,51
2020-03-26,15,Navarra,54
2020-03-27,15,Navarra,75
2020-03-28,15,Navarra,84
2020-03-29,15,Navarra,90
2020-03-30,15,Navarra,96
2020-03-31,15,Navarra,99
2020-04-01,15,Navarra,104
2020-04-02,15,Navarra,108
2020-04-03,15,Navarra,119
2020-04-04,15,Navarra,120
2020-04-05,15,Navarra,123
2020-04-06,15,Navarra,124
2020-04-07,15,Navarra,124
2020-04-08,15,Navarra,124
2020-04-09,15,Navarra,124
2020-04-10,15,Navarra,124
2020-04-11,15,Navarra,124
2020-04-12,15,Navarra,124
2020-04-13,15,Navarra,124
2020-04-14,15,Navarra,124
2020-04-15,15,Navarra,124
2020-04-16,15,Navarra,124
2020-04-17,15,Navarra,124
2020-04-18,15,Navarra,127
2020-04-19,15,Navarra,127
2020-04-20,15,Navarra,128
2020-04-21,15,Navarra,128
2020-04-22,15,Navarra,128
2020-04-23,15,Navarra,129
2020-04-24,15,Navarra,129
2020-04-25,15,Navarra,129
2020-04-26,15,Navarra,129
2020-04-27,15,Navarra,130
2020-04-28,15,Navarra,130
2020-04-29,15,Navarra,130
2020-04-30,15,Navarra,132
2020-03-04,16,País Vasco,0
2020-03-05,16,País Vasco,0
2020-03-06,16,País Vasco,1
2020-03-09,16,País Vasco,5
2020-03-10,16,País Vasco,5
2020-03-11,16,País Vasco,15
2020-03-12,16,País Vasco,18
2020-03-13,16,País Vasco,20
2020-03-16,16,País Vasco,29
2020-03-17,16,País Vasco,33
2020-03-18,16,País Vasco,37
2020-03-19,16,País Vasco,44
2020-03-20,16,País Vasco,53
2020-03-21,16,País Vasco,71
2020-03-22,16,País Vasco,81
2020-03-23,16,País Vasco,92
2020-03-24,16,País Vasco,106
2020-03-25,16,País Vasco,119
2020-03-26,16,País Vasco,137
2020-03-27,16,País Vasco,154
2020-03-28,16,País Vasco,176
2020-03-29,16,País Vasco,271
2020-03-30,16,País Vasco,293
2020-03-31,16,País Vasco,307
2020-04-01,16,País Vasco,324
2020-04-02,16,País Vasco,344
2020-04-03,16,País Vasco,363
2020-04-04,16,País Vasco,377
2020-04-05,16,País Vasco,404
2020-04-06,16,País Vasco,410
2020-04-07,16,País Vasco,417
2020-04-08,16,País Vasco,430
2020-04-09,16,País Vasco,433
2020-04-10,16,País Vasco,442
2020-04-11,16,País Vasco,453
2020-04-12,16,País Vasco,459
2020-04-13,16,País Vasco,464
2020-04-14,16,País Vasco,470
2020-04-15,16,País Vasco,471
2020-04-16,16,País Vasco,478
2020-04-17,16,País Vasco,484
2020-04-18,16,País Vasco,490
2020-04-19,16,País Vasco,499
2020-04-20,16,País Vasco,501
2020-04-21,16,País Vasco,507
2020-04-22,16,País Vasco,513
2020-04-23,16,País Vasco,516
2020-04-24,16,País Vasco,518
2020-04-25,16,País Vasco,525
2020-04-26,16,País Vasco,533
2020-04-27,16,País Vasco,538
2020-04-28,16,País Vasco,539
2020-04-29,16,País Vasco,540
2020-04-30,16,País Vasco,541
2020-03-04,17,La Rioja,0
2020-03-05,17,La Rioja,0
2020-03-06,17,La Rioja,0
2020-03-09,17,La Rioja,1
2020-03-10,17,La Rioja,1
2020-03-11,17,La Rioja,1
2020-03-12,17,La Rioja,1
2020-03-13,17,La Rioja,2
2020-03-16,17,La Rioja,13
2020-03-17,17,La Rioja,13
2020-03-18,17,La Rioja,13
2020-03-19,17,La Rioja,15
2020-03-20,17,La Rioja,15
2020-03-21,17,La Rioja,17
2020-03-22,17,La Rioja,17
2020-03-23,17,La Rioja,22
2020-03-24,17,La Rioja,24
2020-03-25,17,La Rioja,33
2020-03-26,17,La Rioja,36
2020-03-27,17,La Rioja,43
2020-03-28,17,La Rioja,43
2020-03-29,17,La Rioja,43
2020-03-30,17,La Rioja,43
2020-03-31,17,La Rioja,51
2020-04-01,17,La Rioja,54
2020-04-02,17,La Rioja,57
2020-04-03,17,La Rioja,64
2020-04-04,17,La Rioja,64
2020-04-05,17,La Rioja,66
2020-04-06,17,La Rioja,66
2020-04-07,17,La Rioja,66
2020-04-08,17,La Rioja,68
2020-04-09,17,La Rioja,69
2020-04-10,17,La Rioja,71
2020-04-11,17,La Rioja,73
2020-04-12,17,La Rioja,73
2020-04-13,17,La Rioja,73
2020-04-14,17,La Rioja,74
2020-04-15,17,La Rioja,75
2020-04-16,17,La Rioja,75
2020-04-17,17,La Rioja,76
2020-04-18,17,La Rioja,78
2020-04-19,17,La Rioja,79
2020-04-20,17,La Rioja,79
2020-04-21,17,La Rioja,81
2020-04-22,17,La Rioja,81
2020-04-23,17,La Rioja,82
2020-04-24,17,La Rioja,82
2020-04-25,17,La Rioja,83
2020-04-26,17,La Rioja,84
2020-04-27,17,La Rioja,85
2020-04-28,17,La Rioja,87
2020-04-29,17,La Rioja,87
2020-04-30,17,La Rioja,88
2020-03-04,00,Total,7
2020-03-05,00,Total,9
2020-03-06,00,Total,11
2020-03-09,00,Total,68
2020-03-10,00,Total,100
2020-03-11,00,Total,142
2020-03-12,00,Total,190
2020-03-13,00,Total,272
2020-03-16,00,Total,432
2020-03-17,00,Total,563
2020-03-18,00,Total,774
2020-03-19,00,Total,939
2020-03-20,00,Total,1141
2020-03-21,00,Total,1612
2020-03-22,00,Total,1785
2020-03-23,00,Total,2355
2020-03-24,00,Total,2636
2020-03-25,00,Total,3166
2020-03-26,00,Total,3679
2020-03-27,00,Total,4165
2020-03-28,00,Total,4575
2020-03-29,00,Total,4907
2020-03-30,00,Total,5231
2020-03-31,00,Total,5607
2020-04-01,00,Total,5872
2020-04-02,00,Total,6092
2020-04-03,00,Total,6416
2020-04-04,00,Total,6532
2020-04-05,00,Total,6861
2020-04-06,00,Total,6931
2020-04-07,00,Total,7069
2020-04-08,00,Total,
2020-04-09,00,Total,
2020-04-10,00,Total,
2020-04-11,00,Total,
2020-04-12,00,Total,
2020-04-13,00,Total,
2020-04-14,00,Total,
2020-04-15,00,Total,
2020-04-16,00,Total,
2020-04-17,00,Total,
2020-04-18,00,Total,
2020-04-19,00,Total,
2020-04-20,00,Total,
2020-04-21,00,Total,
2020-04-22,00,Total,
2020-04-23,00,Total,
2020-04-24,00,Total,
2020-04-25,00,Total,
2020-04-26,00,Total,
2020-04-27,00,Total,
2020-04-28,00,Total,
2020-04-29,00,Total,10721
2020-04-30,00,Total,10776
