Fecha publicación,CCAA,Personas Institucionalizadas,Personas institucionalizadas con al menos 1 dosis,Personas institucionalizadas con pauta completa,Porcentaje con al menos 1 dosis sobre población institucionalizada,Porcentaje pauta completa sobre población institucionalizada
2021-03-03,Andalucía,41.651,35.450,33.285,"85,1","79,9"
2021-03-03,Aragón,17.826,17.516,16.352,"98,3","91,7"
2021-03-03,Asturias,11.948,11.378,10.659,"95,2","89,2"
2021-03-03,Baleares,5.496,4.976,4.256,"90,5","77,4"
2021-03-03,Canarias,10.047,10.047,8.460,"100,0","84,2"
2021-03-03,Cantabria,6.573,6.571,5.868,"100,0","89,3"
2021-03-03,Castilla y Leon,48.145,44.709,41.420,"92,9","86,0"
2021-03-03,Castilla La Mancha,23.446,23.172,20.533,"98,8","87,6"
2021-03-03,Cataluña,67.237,67.056,55.307,"99,7","82,3"
2021-03-03,C. Valenciana,28.600,28.165,21.717,"98,5","75,9"
2021-03-03,Extremadura,15.226,14.235,12.846,"93,5","84,4"
2021-03-03,Galicia,22.035,21.835,20.297,"99,1","92,1"
2021-03-03,La Rioja,3.287,3.265,2.803,"99,3","85,3"
2021-03-03,Madrid,45.666,45.041,40.338,"98,6","88,3"
2021-03-03,Murcia,11.885,10.958,9.773,"92,2","82,2"
2021-03-03,Navarra,8.343,7.991,7.581,"95,8","90,9"
2021-03-03,País Vasco,20.513,20.492,18.580,"99,9","90,6"
2021-03-03,Ceuta,210,189,183,"90,0","87,1"
2021-03-03,Melilla,298,290,203,"97,3","68,1"
2021-03-03,España,388.432,373.336,330.461,"96,1","85,1"
2021-03-04,Andalucía,41.651,35.450,33.285,"85,1","79,9"
2021-03-04,Aragón,17.826,17.516,16.352,"98,3","91,7"
2021-03-04,Asturias,11.948,11.378,10.659,"95,2","89,2"
2021-03-04,Baleares,5.496,4.976,4.256,"90,5","77,4"
2021-03-04,Canarias,10.047,10.047,8.460,"100,0","84,2"
2021-03-04,Cantabria,6.573,6.571,5.868,"100,0","89,3"
2021-03-04,Castilla y Leon,48.145,44.709,41.420,"92,9","86,0"
2021-03-04,Castilla La Mancha,23.446,23.172,20.533,"98,8","87,6"
2021-03-04,Cataluña,67.237,67.056,55.307,"99,7","82,3"
2021-03-04,C. Valenciana,28.600,28.165,21.717,"98,5","75,9"
2021-03-04,Extremadura,15.226,14.235,12.846,"93,5","84,4"
2021-03-04,Galicia,22.035,21.835,20.297,"99,1","92,1"
2021-03-04,La Rioja,3.287,3.265,2.803,"99,3","85,3"
2021-03-04,Madrid,45.666,45.041,40.338,"98,6","88,3"
2021-03-04,Murcia,11.885,10.958,9.773,"92,2","82,2"
2021-03-04,Navarra,8.343,7.991,7.581,"95,8","90,9"
2021-03-04,País Vasco,20.513,20.492,18.580,"99,9","90,6"
2021-03-04,Ceuta,210,189,183,"90,0","87,1"
2021-03-04,Melilla,298,290,203,"97,3","68,1"
2021-03-04,España,388.432,373.336,330.461,"96,1","85,1"
2021-03-05,Andalucía,41.651,35.450,33.285,"85,1","79,9"
2021-03-05,Aragón,17.826,17.516,16.352,"98,3","91,7"
2021-03-05,Asturias,11.948,11.378,10.659,"95,2","89,2"
2021-03-05,Baleares,5.496,4.976,4.256,"90,5","77,4"
2021-03-05,Canarias,10.047,10.047,8.460,"100,0","84,2"
2021-03-05,Cantabria,6.573,6.571,5.868,"100,0","89,3"
2021-03-05,Castilla y Leon,48.145,44.709,41.420,"92,9","86,0"
2021-03-05,Castilla La Mancha,23.446,23.172,20.533,"98,8","87,6"
2021-03-05,Cataluña,67.237,67.056,55.307,"99,7","82,3"
2021-03-05,C. Valenciana,28.600,28.165,21.717,"98,5","75,9"
2021-03-05,Extremadura,15.226,14.235,12.846,"93,5","84,4"
2021-03-05,Galicia,22.035,21.835,20.297,"99,1","92,1"
2021-03-05,La Rioja,3.287,3.265,2.803,"99,3","85,3"
2021-03-05,Madrid,45.666,45.041,40.338,"98,6","88,3"
2021-03-05,Murcia,11.885,10.958,9.773,"92,2","82,2"
2021-03-05,Navarra,8.343,7.991,7.581,"95,8","90,9"
2021-03-05,País Vasco,20.513,20.492,18.580,"99,9","90,6"
2021-03-05,Ceuta,210,189,183,"90,0","87,1"
2021-03-05,Melilla,298,290,203,"97,3","68,1"
2021-03-05,España,388.432,373.336,330.461,"96,1","85,1"
2021-03-08,Andalucía,41.651,35.450,33.285,"85,1","79,9"
2021-03-08,Aragón,17.826,17.516,16.352,"98,3","91,7"
2021-03-08,Asturias,11.948,11.378,10.659,"95,2","89,2"
2021-03-08,Baleares,5.496,4.976,4.256,"90,5","77,4"
2021-03-08,Canarias,10.047,10.047,8.460,"100,0","84,2"
2021-03-08,Cantabria,6.573,6.571,5.868,"100,0","89,3"
2021-03-08,Castilla y Leon,48.145,44.709,41.420,"92,9","86,0"
2021-03-08,Castilla La Mancha,23.446,23.172,20.533,"98,8","87,6"
2021-03-08,Cataluña,67.237,67.056,55.307,"99,7","82,3"
2021-03-08,C. Valenciana,28.600,28.165,21.717,"98,5","75,9"
2021-03-08,Extremadura,15.226,14.235,12.846,"93,5","84,4"
2021-03-08,Galicia,22.035,21.835,20.297,"99,1","92,1"
2021-03-08,La Rioja,3.287,3.265,2.803,"99,3","85,3"
2021-03-08,Madrid,45.666,45.041,40.338,"98,6","88,3"
2021-03-08,Murcia,11.885,10.958,9.773,"92,2","82,2"
2021-03-08,Navarra,8.343,7.991,7.581,"95,8","90,9"
2021-03-08,País Vasco,20.513,20.492,18.580,"99,9","90,6"
2021-03-08,Ceuta,210,189,183,"90,0","87,1"
2021-03-08,Melilla,298,290,203,"97,3","68,1"
2021-03-08,España,388.432,373.336,330.461,"96,1","85,1"
2021-03-09,Andalucía,41.651,35.450,33.285,"85,1","79,9"
2021-03-09,Aragón,17.826,17.516,16.352,"98,3","91,7"
2021-03-09,Asturias,11.948,11.378,10.659,"95,2","89,2"
2021-03-09,Baleares,5.496,4.976,4.256,"90,5","77,4"
2021-03-09,Canarias,10.047,10.047,8.460,"100,0","84,2"
2021-03-09,Cantabria,6.573,6.571,5.868,"100,0","89,3"
2021-03-09,Castilla y Leon,48.145,44.709,41.420,"92,9","86,0"
2021-03-09,Castilla La Mancha,23.446,23.172,20.533,"98,8","87,6"
2021-03-09,Cataluña,67.237,67.056,55.307,"99,7","82,3"
2021-03-09,C. Valenciana,28.600,28.165,21.717,"98,5","75,9"
2021-03-09,Extremadura,15.226,14.235,12.846,"93,5","84,4"
2021-03-09,Galicia,22.035,21.835,20.297,"99,1","92,1"
2021-03-09,La Rioja,3.287,3.265,2.803,"99,3","85,3"
2021-03-09,Madrid,45.666,45.041,40.338,"98,6","88,3"
2021-03-09,Murcia,11.885,10.958,9.773,"92,2","82,2"
2021-03-09,Navarra,8.343,7.991,7.581,"95,8","90,9"
2021-03-09,País Vasco,20.513,20.492,18.580,"99,9","90,6"
2021-03-09,Ceuta,210,189,183,"90,0","87,1"
2021-03-09,Melilla,298,290,203,"97,3","68,1"
2021-03-09,España,388.432,373.336,330.461,"96,1","85,1"
2021-03-10,Andalucía,41.651,39.936,37.756,"95,9","90,6"
2021-03-10,Aragón,17.826,17.627,16.555,"98,9","92,9"
2021-03-10,Asturias,11.948,11.411,10.953,"95,5","91,7"
2021-03-10,Baleares,5.496,5.033,4.684,"91,6","85,2"
2021-03-10,Canarias,10.230,10.230,8.551,"100,0","83,6"
2021-03-10,Cantabria,6.919,6.664,5.997,"96,3","86,7"
2021-03-10,Castilla y Leon,48.145,45.089,42.471,"93,7","88,2"
2021-03-10,Castilla - La Mancha*,23.446,23.172,20.533,"98,8","87,6"
2021-03-10,Cataluña,70.322,69.646,56.688,"99,0","80,6"
2021-03-10,C. Valenciana,28.600,28.409,24.739,"99,3","86,5"
2021-03-10,Extremadura,15.226,14.343,13.337,"94,2","87,6"
2021-03-10,Galicia,22.624,22.220,20.555,"98,2","90,9"
2021-03-10,La Rioja,3.287,3.275,3.127,"99,6","95,1"
2021-03-10,Madrid,46.956,46.533,41.353,"99,1","88,1"
2021-03-10,Murcia,11.885,11.076,9.859,"93,2","83,0"
2021-03-10,Navarra,8.343,7.923,7.596,"95,0","91,0"
2021-03-10,País Vasco*,20.513,20.492,18.580,"99,9","90,6"
2021-03-10,Ceuta,210,192,184,"91,4","87,6"
2021-03-10,Melilla,315,304,263,"96,5","83,5"
2021-03-10,España,393.942,383.575,343.781,"97,4","87,3"
2021-03-11,Andalucía,41.651,39.936,37.756,"95,9","90,6"
2021-03-11,Aragón,17.826,17.627,16.555,"98,9","92,9"
2021-03-11,Asturias,11.948,11.411,10.953,"95,5","91,7"
2021-03-11,Baleares,5.496,5.033,4.684,"91,6","85,2"
2021-03-11,Canarias,10.230,10.230,8.551,"100,0","83,6"
2021-03-11,Cantabria,6.919,6.664,5.997,"96,3","86,7"
2021-03-11,Castilla y Leon,48.145,45.089,42.471,"93,7","88,2"
2021-03-11,Castilla - La Mancha*,23.446,23.172,20.533,"98,8","87,6"
2021-03-11,Cataluña,70.322,69.646,56.688,"99,0","80,6"
2021-03-11,C. Valenciana,28.600,28.409,24.739,"99,3","86,5"
2021-03-11,Extremadura,15.226,14.343,13.337,"94,2","87,6"
2021-03-11,Galicia,22.624,22.220,20.555,"98,2","90,9"
2021-03-11,La Rioja,3.287,3.275,3.127,"99,6","95,1"
2021-03-11,Madrid,46.956,46.533,41.353,"99,1","88,1"
2021-03-11,Murcia,11.885,11.076,9.859,"93,2","83,0"
2021-03-11,Navarra,8.343,7.923,7.596,"95,0","91,0"
2021-03-11,País Vasco*,20.513,20.492,18.580,"99,9","90,6"
2021-03-11,Ceuta,210,192,184,"91,4","87,6"
2021-03-11,Melilla,315,304,263,"96,5","83,5"
2021-03-11,España,393.942,383.575,343.781,"97,4","87,3"
2021-03-12,Andalucía,41.651,39.936,37.756,"95,9","90,6"
2021-03-12,Aragón,17.826,17.627,16.555,"98,9","92,9"
2021-03-12,Asturias,11.948,11.411,10.953,"95,5","91,7"
2021-03-12,Baleares,5.496,5.033,4.684,"91,6","85,2"
2021-03-12,Canarias,10.230,10.230,8.551,"100,0","83,6"
2021-03-12,Cantabria,6.919,6.664,5.997,"96,3","86,7"
2021-03-12,Castilla y Leon,48.145,45.089,42.471,"93,7","88,2"
2021-03-12,Castilla - La Mancha,23.446,23.172,20.533,"98,8","87,6"
2021-03-12,Cataluña,70.322,69.646,56.688,"99,0","80,6"
2021-03-12,C. Valenciana,28.600,28.409,24.739,"99,3","86,5"
2021-03-12,Extremadura,15.226,14.343,13.337,"94,2","87,6"
2021-03-12,Galicia,22.624,22.220,20.555,"98,2","90,9"
2021-03-12,La Rioja,3.287,3.275,3.127,"99,6","95,1"
2021-03-12,Madrid,46.956,46.533,41.353,"99,1","88,1"
2021-03-12,Murcia,11.885,11.076,9.859,"93,2","83,0"
2021-03-12,Navarra,8.343,7.923,7.596,"95,0","91,0"
2021-03-12,País Vasco*,20.513,20.492,18.580,"99,9","90,6"
2021-03-12,Ceuta,210,192,184,"91,4","87,6"
2021-03-12,Melilla,315,304,263,"96,5","83,5"
2021-03-12,España,393.942,383.575,343.781,"97,4","87,3"
2021-03-15,Andalucía,41.651,39.936,37.756,"95,9","90,6"
2021-03-15,Aragón,17.826,17.627,16.555,"98,9","92,9"
2021-03-15,Asturias,11.948,11.411,10.953,"95,5","91,7"
2021-03-15,Baleares,5.496,5.033,4.684,"91,6","85,2"
2021-03-15,Canarias,10.230,10.230,8.551,"100,0","83,6"
2021-03-15,Cantabria,6.919,6.664,5.997,"96,3","86,7"
2021-03-15,Castilla y Leon,48.145,45.089,42.471,"93,7","88,2"
2021-03-15,Castilla - La Mancha,23.446,23.172,20.533,"98,8","87,6"
2021-03-15,Cataluña,70.322,69.646,56.688,"99,0","80,6"
2021-03-15,C. Valenciana,28.600,28.409,24.739,"99,3","86,5"
2021-03-15,Extremadura,15.226,14.343,13.337,"94,2","87,6"
2021-03-15,Galicia,22.624,22.220,20.555,"98,2","90,9"
2021-03-15,La Rioja,3.287,3.275,3.127,"99,6","95,1"
2021-03-15,Madrid,46.956,46.533,41.353,"99,1","88,1"
2021-03-15,Murcia,11.885,11.076,9.859,"93,2","83,0"
2021-03-15,Navarra,8.343,7.923,7.596,"95,0","91,0"
2021-03-15,País Vasco*,20.513,20.492,18.580,"99,9","90,6"
2021-03-15,Ceuta,210,192,184,"91,4","87,6"
2021-03-15,Melilla,315,304,263,"96,5","83,5"
2021-03-15,España,393.942,383.575,343.781,"97,4","87,3"
2021-03-16,Andalucía,41.651,39.936,37.756,"95,9","90,6"
2021-03-16,Aragón,17.826,17.627,16.555,"98,9","92,9"
2021-03-16,Asturias,11.948,11.411,10.953,"95,5","91,7"
2021-03-16,Baleares,5.496,5.033,4.684,"91,6","85,2"
2021-03-16,Canarias,10.230,10.230,8.551,"100,0","83,6"
2021-03-16,Cantabria,6.919,6.664,5.997,"96,3","86,7"
2021-03-16,Castilla y Leon,48.145,45.089,42.471,"93,7","88,2"
2021-03-16,Castilla - La Mancha,23.446,23.172,20.533,"98,8","87,6"
2021-03-16,Cataluña,70.322,69.646,56.688,"99,0","80,6"
2021-03-16,C. Valenciana,28.600,28.409,24.739,"99,3","86,5"
2021-03-16,Extremadura,15.226,14.343,13.337,"94,2","87,6"
2021-03-16,Galicia,22.624,22.220,20.555,"98,2","90,9"
2021-03-16,La Rioja,3.287,3.275,3.127,"99,6","95,1"
2021-03-16,Madrid,46.956,46.533,41.353,"99,1","88,1"
2021-03-16,Murcia,11.885,11.076,9.859,"93,2","83,0"
2021-03-16,Navarra,8.343,7.923,7.596,"95,0","91,0"
2021-03-16,País Vasco*,20.513,20.492,18.580,"99,9","90,6"
2021-03-16,Ceuta,210,192,184,"91,4","87,6"
2021-03-16,Melilla,315,304,263,"96,5","83,5"
2021-03-16,España,393.942,383.575,343.781,"97,4","87,3"
2021-03-17,Andalucía,41.651,40.186,38.177,"96,5","91,7"
2021-03-17,Aragón,17.826,17.735,16.827,"99,5","94,4"
2021-03-17,Asturias,11.948,11.469,11.017,"96,0","92,2"
2021-03-17,Baleares,5.496,5.092,4.781,"92,6","87,0"
2021-03-17,Canarias,10.440,10.440,8.814,"100,0","84,4"
2021-03-17,Cantabria,6.919,6.683,6.198,"96,6","89,6"
2021-03-17,Castilla y Leon,45.650,45.428,43.172,"99,5","94,6"
2021-03-17,Castilla La Mancha,25.566,24.065,21.475,"94,1","84,0"
2021-03-17,Cataluña,71.229,70.891,59.777,"99,5","83,9"
2021-03-17,C. Valenciana,29.500,28.721,25.636,"97,4","86,9"
2021-03-17,Extremadura,15.226,14.406,13.577,"94,6","89,2"
2021-03-17,Galicia,22.624,22.289,21.211,"98,5","93,8"
2021-03-17,La Rioja,3.324,3.295,3.153,"99,1","94,9"
2021-03-17,Madrid,49.105,48.074,42.940,"97,9","87,4"
2021-03-17,Murcia,11.885,11.160,10.355,"93,9","87,1"
2021-03-17,Navarra,8.343,7.987,7.671,"95,7","91,9"
2021-03-17,País Vasco,21.900,21.887,19.376,"99,9","88,5"
2021-03-17,Ceuta,210,192,184,"91,4","87,6"
2021-03-17,Melilla,315,304,281,"96,5","89,2"
2021-03-17,España,399.157,390.304,354.622,"97,8","88,8"
2021-03-18,Andalucía,41.651,40.186,38.177,"96,5","91,7"
2021-03-18,Aragón,17.826,17.735,16.827,"99,5","94,4"
2021-03-18,Asturias,11.948,11.469,11.017,"96,0","92,2"
2021-03-18,Baleares,5.496,5.092,4.781,"92,6","87,0"
2021-03-18,Canarias,10.440,10.440,8.814,"100,0","84,4"
2021-03-18,Cantabria,6.919,6.683,6.198,"96,6","89,6"
2021-03-18,Castilla y Leon,45.650,45.428,43.172,"99,5","94,6"
2021-03-18,Castilla La Mancha,25.566,24.065,21.475,"94,1","84,0"
2021-03-18,Cataluña,71.229,70.891,59.777,"99,5","83,9"
2021-03-18,C. Valenciana,29.500,28.721,25.636,"97,4","86,9"
2021-03-18,Extremadura,15.226,14.406,13.577,"94,6","89,2"
2021-03-18,Galicia,22.624,22.289,21.211,"98,5","93,8"
2021-03-18,La Rioja,3.324,3.295,3.153,"99,1","94,9"
2021-03-18,Madrid,49.105,48.074,42.940,"97,9","87,4"
2021-03-18,Murcia,11.885,11.160,10.355,"93,9","87,1"
2021-03-18,Navarra,8.343,7.987,7.671,"95,7","91,9"
2021-03-18,País Vasco,21.900,21.887,19.376,"99,9","88,5"
2021-03-18,Ceuta,210,192,184,"91,4","87,6"
2021-03-18,Melilla,315,304,281,"96,5","89,2"
2021-03-18,España,399.157,390.304,354.622,"97,8","88,8"
2021-03-22,Andalucía,41.651,40.186,38.177,"96,5","91,7"
2021-03-22,Aragón,17.826,17.735,16.827,"99,5","94,4"
2021-03-22,Asturias,11.948,11.469,11.017,"96,0","92,2"
2021-03-22,Baleares,5.496,5.092,4.781,"92,6","87,0"
2021-03-22,Canarias,10.440,10.440,8.814,"100,0","84,4"
2021-03-22,Cantabria,6.919,6.683,6.198,"96,6","89,6"
2021-03-22,Castilla y Leon,45.650,45.428,43.172,"99,5","94,6"
2021-03-22,Castilla La Mancha,25.566,24.065,21.475,"94,1","84,0"
2021-03-22,Cataluña,71.229,70.891,59.777,"99,5","83,9"
2021-03-22,C. Valenciana,29.500,28.721,25.636,"97,4","86,9"
2021-03-22,Extremadura,15.226,14.406,13.577,"94,6","89,2"
2021-03-22,Galicia,22.624,22.289,21.211,"98,5","93,8"
2021-03-22,La Rioja,3.324,3.295,3.153,"99,1","94,9"
2021-03-22,Madrid,49.105,48.074,42.940,"97,9","87,4"
2021-03-22,Murcia,11.885,11.160,10.355,"93,9","87,1"
2021-03-22,Navarra,8.343,7.987,7.671,"95,7","91,9"
2021-03-22,País Vasco,21.900,21.887,19.376,"99,9","88,5"
2021-03-22,Ceuta,210,192,184,"91,4","87,6"
2021-03-22,Melilla,315,304,281,"96,5","89,2"
2021-03-22,España,399.157,390.304,354.622,"97,8","88,8"
2021-03-23,Andalucía,41.651,40.186,38.177,"96,5","91,7"
2021-03-23,Aragón,17.826,17.735,16.827,"99,5","94,4"
2021-03-23,Asturias,11.948,11.469,11.017,"96,0","92,2"
2021-03-23,Baleares,5.496,5.092,4.781,"92,6","87,0"
2021-03-23,Canarias,10.440,10.440,8.814,"100,0","84,4"
2021-03-23,Cantabria,6.919,6.683,6.198,"96,6","89,6"
2021-03-23,Castilla y Leon,45.650,45.428,43.172,"99,5","94,6"
2021-03-23,Castilla La Mancha,25.566,24.065,21.475,"94,1","84,0"
2021-03-23,Cataluña,71.229,70.891,59.777,"99,5","83,9"
2021-03-23,C. Valenciana,29.500,28.721,25.636,"97,4","86,9"
2021-03-23,Extremadura,15.226,14.406,13.577,"94,6","89,2"
2021-03-23,Galicia,22.624,22.289,21.211,"98,5","93,8"
2021-03-23,La Rioja,3.324,3.295,3.153,"99,1","94,9"
2021-03-23,Madrid,49.105,48.074,42.940,"97,9","87,4"
2021-03-23,Murcia,11.885,11.160,10.355,"93,9","87,1"
2021-03-23,Navarra,8.343,7.987,7.671,"95,7","91,9"
2021-03-23,País Vasco,21.900,21.887,19.376,"99,9","88,5"
2021-03-23,Ceuta,210,192,184,"91,4","87,6"
2021-03-23,Melilla,315,304,281,"96,5","89,2"
2021-03-23,España,399.157,390.304,354.622,"97,8","88,8"
2021-03-24,Andalucía,41.651,40.444,38.550,"97,1","92,6"
2021-03-24,Aragón,17.829,17.829,17.025,"100,0","95,5"
2021-03-24,Asturias,11.948,11.487,11.075,"96,1","92,7"
2021-03-24,Baleares,5.496,5.109,4.845,"93,0","88,2"
2021-03-24,Canarias,10.461,10.461,9.222,"100,0","88,2"
2021-03-24,Cantabria,6.919,6.821,6.429,"98,6","92,9"
2021-03-24,Castilla y Leon,45.650,45.531,43.551,"99,7","95,4"
2021-03-24,Castilla La Mancha,25.566,24.221,22.172,"94,7","86,7"
2021-03-24,Cataluña,71.229,70.891,59.777,"99,5","83,9"
2021-03-24,C. Valenciana,29.500,29.002,26.376,"98,3","89,4"
2021-03-24,Extremadura,15.226,14.393,13.691,"94,5","89,9"
2021-03-24,Galicia,22.624,22.612,21.422,"99,9","94,7"
2021-03-24,La Rioja,3.324,3.306,3.171,"99,5","95,4"
2021-03-24,Madrid,49.105,48.763,43.751,"99,3","89,1"
2021-03-24,Murcia,11.885,11.177,10.593,"94,0","89,1"
2021-03-24,Navarra,8.343,8.039,7.768,"96,4","93,1"
2021-03-24,País Vasco,21.900,21.887,19.376,"99,9","88,5"
2021-03-24,Ceuta,210,192,184,"91,4","87,6"
2021-03-24,Melilla,315,303,280,"96,2","88,9"
2021-03-24,España,399.181,392.468,359.258,"98,3","90,0"
2021-03-25,Andalucía,41.651,40.444,38.550,"97,1","92,6"
2021-03-25,Aragón,17.829,17.829,17.025,"100,0","95,5"
2021-03-25,Asturias,11.948,11.487,11.075,"96,1","92,7"
2021-03-25,Baleares,5.496,5.109,4.845,"93,0","88,2"
2021-03-25,Canarias,10.461,10.461,9.222,"100,0","88,2"
2021-03-25,Cantabria,6.919,6.821,6.429,"98,6","92,9"
2021-03-25,Castilla y Leon,45.650,45.531,43.551,"99,7","95,4"
2021-03-25,Castilla La Mancha,25.566,24.221,22.172,"94,7","86,7"
2021-03-25,Cataluña,71.229,70.891,59.777,"99,5","83,9"
2021-03-25,C. Valenciana,29.500,29.002,26.376,"98,3","89,4"
2021-03-25,Extremadura,15.226,14.393,13.691,"94,5","89,9"
2021-03-25,Galicia,22.624,22.612,21.422,"99,9","94,7"
2021-03-25,La Rioja,3.324,3.306,3.171,"99,5","95,4"
2021-03-25,Madrid,49.105,48.763,43.751,"99,3","89,1"
2021-03-25,Murcia,11.885,11.177,10.593,"94,0","89,1"
2021-03-25,Navarra,8.343,8.039,7.768,"96,4","93,1"
2021-03-25,País Vasco,21.900,21.887,19.376,"99,9","88,5"
2021-03-25,Ceuta,210,192,184,"91,4","87,6"
2021-03-25,Melilla,315,303,280,"96,2","88,9"
2021-03-25,España,399.181,392.468,359.258,"98,3","90,0"
2021-03-26,Andalucía,41.651,40.444,38.550,"97,1","92,6"
2021-03-26,Aragón,17.829,17.829,17.025,"100,0","95,5"
2021-03-26,Asturias,11.948,11.487,11.075,"96,1","92,7"
2021-03-26,Baleares,5.496,5.109,4.845,"93,0","88,2"
2021-03-26,Canarias,10.461,10.461,9.222,"100,0","88,2"
2021-03-26,Cantabria,6.919,6.821,6.429,"98,6","92,9"
2021-03-26,Castilla y Leon,45.650,45.531,43.551,"99,7","95,4"
2021-03-26,Castilla La Mancha,25.566,24.221,22.172,"94,7","86,7"
2021-03-26,Cataluña,71.229,70.891,59.777,"99,5","83,9"
2021-03-26,C. Valenciana,29.500,29.002,26.376,"98,3","89,4"
2021-03-26,Extremadura,15.226,14.393,13.691,"94,5","89,9"
2021-03-26,Galicia,22.624,22.612,21.422,"99,9","94,7"
2021-03-26,La Rioja,3.324,3.306,3.171,"99,5","95,4"
2021-03-26,Madrid,49.105,48.763,43.751,"99,3","89,1"
2021-03-26,Murcia,11.885,11.177,10.593,"94,0","89,1"
2021-03-26,Navarra,8.343,8.039,7.768,"96,4","93,1"
2021-03-26,País Vasco,21.900,21.887,19.376,"99,9","88,5"
2021-03-26,Ceuta,210,192,184,"91,4","87,6"
2021-03-26,Melilla,315,303,280,"96,2","88,9"
2021-03-26,España,399.181,392.468,359.258,"98,3","90,0"
2021-03-29,Andalucía,41.651,40.444,38.550,"97,1","92,6"
2021-03-29,Aragón,17.829,17.829,17.025,"100,0","95,5"
2021-03-29,Asturias,11.948,11.487,11.075,"96,1","92,7"
2021-03-29,Baleares,5.496,5.109,4.845,"93,0","88,2"
2021-03-29,Canarias,10.461,10.461,9.222,"100,0","88,2"
2021-03-29,Cantabria,6.919,6.821,6.429,"98,6","92,9"
2021-03-29,Castilla y Leon,45.650,45.531,43.551,"99,7","95,4"
2021-03-29,Castilla La Mancha,25.566,24.221,22.172,"94,7","86,7"
2021-03-29,Cataluña,71.229,70.891,59.777,"99,5","83,9"
2021-03-29,C. Valenciana,29.500,29.002,26.376,"98,3","89,4"
2021-03-29,Extremadura,15.226,14.393,13.691,"94,5","89,9"
2021-03-29,Galicia,22.624,22.612,21.422,"99,9","94,7"
2021-03-29,La Rioja,3.324,3.306,3.171,"99,5","95,4"
2021-03-29,Madrid,49.105,48.763,43.751,"99,3","89,1"
2021-03-29,Murcia,11.885,11.177,10.593,"94,0","89,1"
2021-03-29,Navarra,8.343,8.039,7.768,"96,4","93,1"
2021-03-29,País Vasco,21.900,21.887,19.376,"99,9","88,5"
2021-03-29,Ceuta,210,192,184,"91,4","87,6"
2021-03-29,Melilla,315,303,280,"96,2","88,9"
2021-03-29,España,399.181,392.468,359.258,"98,3","90,0"
2021-03-30,Andalucía,41.651,40.444,38.550,"97,1","92,6"
2021-03-30,Aragón,17.829,17.829,17.025,"100,0","95,5"
2021-03-30,Asturias,11.948,11.487,11.075,"96,1","92,7"
2021-03-30,Baleares,5.496,5.109,4.845,"93,0","88,2"
2021-03-30,Canarias,10.461,10.461,9.222,"100,0","88,2"
2021-03-30,Cantabria,6.919,6.821,6.429,"98,6","92,9"
2021-03-30,Castilla y Leon,45.650,45.531,43.551,"99,7","95,4"
2021-03-30,Castilla La Mancha,25.566,24.221,22.172,"94,7","86,7"
2021-03-30,Cataluña,71.229,70.891,59.777,"99,5","83,9"
2021-03-30,C. Valenciana,29.500,29.002,26.376,"98,3","89,4"
2021-03-30,Extremadura,15.226,14.393,13.691,"94,5","89,9"
2021-03-30,Galicia,22.624,22.612,21.422,"99,9","94,7"
2021-03-30,La Rioja,3.324,3.306,3.171,"99,5","95,4"
2021-03-30,Madrid,49.105,48.763,43.751,"99,3","89,1"
2021-03-30,Murcia,11.885,11.177,10.593,"94,0","89,1"
2021-03-30,Navarra,8.343,8.039,7.768,"96,4","93,1"
2021-03-30,País Vasco,21.900,21.887,19.376,"99,9","88,5"
2021-03-30,Ceuta,210,192,184,"91,4","87,6"
2021-03-30,Melilla,315,303,280,"96,2","88,9"
2021-03-30,España,399.181,392.468,359.258,"98,3","90,0"
2021-03-31,Andalucía,41.651,40.770,38.848,"97,9","93,3"
2021-03-31,Aragón,17.829,17.829,17.025,"100,0","95,5"
2021-03-31,Asturias,11.948,11.577,11.115,"96,9","93,0"
2021-03-31,Baleares,5.496,5.117,4.869,"93,1","88,6"
2021-03-31,Canarias,10.531,10.531,9.441,"100,0","89,6"
2021-03-31,Cantabria,6.919,6.821,6.429,"98,6","92,9"
2021-03-31,Castilla y Leon,45.800,45.717,43.930,"99,8","95,9"
2021-03-31,Castilla La Mancha,25.566,24.387,22.610,"95,4","88,4"
2021-03-31,Cataluña,73.343,73.068,62.908,"99,6","85,8"
2021-03-31,C. Valenciana,29.500,29.240,26.788,"99,1","90,8"
2021-03-31,Extremadura,15.226,14.438,13.794,"94,8","90,6"
2021-03-31,Galicia,23.048,22.831,21.872,"99,1","94,9"
2021-03-31,La Rioja,3.390,3.341,3.224,"98,6","95,1"
2021-03-31,Madrid,51.179,49.548,45.552,"96,8","89,0"
2021-03-31,Murcia,11.885,11.225,10.690,"94,4","89,9"
2021-03-31,Navarra,8.343,8.052,7.838,"96,5","93,9"
2021-03-31,País Vasco,23.000,22.515,20.266,"97,9","88,1"
2021-03-31,Ceuta,210,192,189,"91,4","90,0"
2021-03-31,Melilla,315,303,292,"96,2","92,7"
2021-03-31,España,405.179,397.502,367.680,"98,1","90,7"
2021-04-01,Andalucía,41.651,40.770,38.848,"97,9","93,3"
2021-04-01,Aragón,17.829,17.829,17.025,"100,0","95,5"
2021-04-01,Asturias,11.948,11.577,11.115,"96,9","93,0"
2021-04-01,Baleares,5.496,5.117,4.869,"93,1","88,6"
2021-04-01,Canarias,10.531,10.531,9.441,"100,0","89,6"
2021-04-01,Cantabria,6.919,6.821,6.429,"98,6","92,9"
2021-04-01,Castilla y Leon,45.800,45.717,43.930,"99,8","95,9"
2021-04-01,Castilla La Mancha,25.566,24.387,22.610,"95,4","88,4"
2021-04-01,Cataluña,73.343,73.068,62.908,"99,6","85,8"
2021-04-01,C. Valenciana,29.500,29.240,26.788,"99,1","90,8"
2021-04-01,Extremadura,15.226,14.438,13.794,"94,8","90,6"
2021-04-01,Galicia,23.048,22.831,21.872,"99,1","94,9"
2021-04-01,La Rioja,3.390,3.341,3.224,"98,6","95,1"
2021-04-01,Madrid,51.179,49.548,45.552,"96,8","89,0"
2021-04-01,Murcia,11.885,11.225,10.690,"94,4","89,9"
2021-04-01,Navarra,8.343,8.052,7.838,"96,5","93,9"
2021-04-01,País Vasco,23.000,22.515,20.266,"97,9","88,1"
2021-04-01,Ceuta,210,192,189,"91,4","90,0"
2021-04-01,Melilla,315,303,292,"96,2","92,7"
2021-04-01,España,405.179,397.502,367.680,"98,1","90,7"
2021-04-03,Andalucía,41.651,40.770,38.848,"97,9","93,3"
2021-04-03,Aragón,17.829,17.829,17.025,"100,0","95,5"
2021-04-03,Asturias,11.948,11.577,11.115,"96,9","93,0"
2021-04-03,Baleares,5.496,5.117,4.869,"93,1","88,6"
2021-04-03,Canarias,10.531,10.531,9.441,"100,0","89,6"
2021-04-03,Cantabria,6.919,6.821,6.429,"98,6","92,9"
2021-04-03,Castilla  y Leon,45.800,45.717,43.930,"99,8","95,9"
2021-04-03,Castilla  - La Mancha,25.566,24.387,22.610,"95,4","88,4"
2021-04-03,Cataluña,73.343,73.068,62.908,"99,6","85,8"
2021-04-03,C. Valenciana,29.500,29.240,26.788,"99,1","90,8"
2021-04-03,Extremadura,15.226,14.438,13.794,"94,8","90,6"
2021-04-03,Galicia,23.048,22.831,21.872,"99,1","94,9"
2021-04-03,La Rioja,3.390,3.341,3.224,"98,6","95,1"
2021-04-03,Madrid,51.179,49.548,45.552,"96,8","89,0"
2021-04-03,Murcia,11.885,11.225,10.690,"94,4","89,9"
2021-04-03,Navarra,8.343,8.052,7.838,"96,5","93,9"
2021-04-03,País Vasco,23.000,22.515,20.266,"97,9","88,1"
2021-04-03,Ceuta,210,192,189,"91,4","90,0"
2021-04-03,Melilla,315,303,292,"96,2","92,7"
2021-04-03,España,405.179,397.502,367.680,"98,1","90,7"
2021-04-05,Andalucía,41.651,40.770,38.848,"97,9","93,3"
2021-04-05,Aragón,17.829,17.829,17.025,"100,0","95,5"
2021-04-05,Asturias,11.948,11.577,11.115,"96,9","93,0"
2021-04-05,Baleares,5.496,5.117,4.869,"93,1","88,6"
2021-04-05,Canarias,10.531,10.531,9.441,"100,0","89,6"
2021-04-05,Cantabria,6.919,6.821,6.429,"98,6","92,9"
2021-04-05,Castilla y Leon,45.800,45.717,43.930,"99,8","95,9"
2021-04-05,Castilla La Mancha,25.566,24.387,22.610,"95,4","88,4"
2021-04-05,Cataluña,73.343,73.068,62.908,"99,6","85,8"
2021-04-05,C. Valenciana,29.500,29.240,26.788,"99,1","90,8"
2021-04-05,Extremadura,15.226,14.438,13.794,"94,8","90,6"
2021-04-05,Galicia,23.048,22.831,21.872,"99,1","94,9"
2021-04-05,La Rioja,3.390,3.341,3.224,"98,6","95,1"
2021-04-05,Madrid,51.179,49.548,45.552,"96,8","89,0"
2021-04-05,Murcia,11.885,11.225,10.690,"94,4","89,9"
2021-04-05,Navarra,8.343,8.052,7.838,"96,5","93,9"
2021-04-05,País Vasco,23.000,22.515,20.266,"97,9","88,1"
2021-04-05,Ceuta,210,192,189,"91,4","90,0"
2021-04-05,Melilla,315,303,292,"96,2","92,7"
2021-04-05,España,405.179,397.502,367.680,"98,1","90,7"
2021-04-06,Andalucía,41.651,40.770,38.848,"97,9","93,3"
2021-04-06,Aragón,17.829,17.829,17.025,"100,0","95,5"
2021-04-06,Asturias,11.948,11.577,11.115,"96,9","93,0"
2021-04-06,Baleares,5.496,5.117,4.869,"93,1","88,6"
2021-04-06,Canarias,10.531,10.531,9.441,"100,0","89,6"
2021-04-06,Cantabria,6.919,6.821,6.429,"98,6","92,9"
2021-04-06,Castilla y Leon,45.800,45.717,43.930,"99,8","95,9"
2021-04-06,Castilla La Mancha,25.566,24.387,22.610,"95,4","88,4"
2021-04-06,Cataluña,73.343,73.068,62.908,"99,6","85,8"
2021-04-06,C. Valenciana,29.500,29.240,26.788,"99,1","90,8"
2021-04-06,Extremadura,15.226,14.438,13.794,"94,8","90,6"
2021-04-06,Galicia,23.048,22.831,21.872,"99,1","94,9"
2021-04-06,La Rioja,3.390,3.341,3.224,"98,6","95,1"
2021-04-06,Madrid,51.179,49.548,45.552,"96,8","89,0"
2021-04-06,Murcia,11.885,11.225,10.690,"94,4","89,9"
2021-04-06,Navarra,8.343,8.052,7.838,"96,5","93,9"
2021-04-06,País Vasco,23.000,22.515,20.266,"97,9","88,1"
2021-04-06,Ceuta,210,192,189,"91,4","90,0"
2021-04-06,Melilla,315,303,292,"96,2","92,7"
2021-04-06,España,405.179,397.502,367.680,"98,1","90,7"
2021-04-07,Andalucía,41.651,40.929,38.976,"98,3","93,6"
2021-04-07,Aragón,18.400,18.154,17.356,"98,7","94,3"
2021-04-07,Asturias,11.948,11.617,11.149,"97,2","93,3"
2021-04-07,Baleares,5.496,5.122,4.916,"93,2","89,4"
2021-04-07,Canarias,10.605,10.601,9.471,"100,0","89,3"
2021-04-07,Cantabria,7.470,7.078,6.534,"94,8","87,5"
2021-04-07,Castilla y Leon,46.000,45.882,44.168,"99,7","96,0"
2021-04-07,Castilla La Mancha,25.566,24.510,22.929,"95,9","89,7"
2021-04-07,Cataluña,75.649,74.073,63.275,"97,9","83,6"
2021-04-07,C. Valenciana,29.500,29.486,27.116,"100,0","91,9"
2021-04-07,Extremadura,15.226,14.458,13.913,"95,0","91,4"
2021-04-07,Galicia,23.048,22.949,21.881,"99,6","94,9"
2021-04-07,La Rioja,3.390,3.371,3.238,"99,4","95,5"
2021-04-07,Madrid,51.179,49.821,46.794,"97,3","91,4"
2021-04-07,Murcia,11.885,11.245,10.718,"94,6","90,2"
2021-04-07,Navarra,8.343,8.057,7.864,"96,6","94,3"
2021-04-07,País Vasco,23.000,22.924,20.333,"99,7","88,4"
2021-04-07,Ceuta,210,195,189,"92,9","90,0"
2021-04-07,Melilla,315,305,292,"96,8","92,7"
2021-04-07,España,408.881,400.777,371.112,"98,0","90,8"
2021-04-08,Andalucía,41.651,40.929,38.976,"98,3","93,6"
2021-04-08,Aragón,18.400,18.154,17.356,"98,7","94,3"
2021-04-08,Asturias,11.948,11.617,11.149,"97,2","93,3"
2021-04-08,Baleares,5.496,5.122,4.916,"93,2","89,4"
2021-04-08,Canarias,10.605,10.601,9.471,"100,0","89,3"
2021-04-08,Cantabria,7.470,7.078,6.534,"94,8","87,5"
2021-04-08,Castilla y Leon,46.000,45.882,44.168,"99,7","96,0"
2021-04-08,Castilla La Mancha,25.566,24.510,22.929,"95,9","89,7"
2021-04-08,Cataluña,75.649,74.073,63.275,"97,9","83,6"
2021-04-08,C. Valenciana,29.500,29.486,27.116,"100,0","91,9"
2021-04-08,Extremadura,15.226,14.458,13.913,"95,0","91,4"
2021-04-08,Galicia,23.048,22.949,21.881,"99,6","94,9"
2021-04-08,La Rioja,3.390,3.371,3.238,"99,4","95,5"
2021-04-08,Madrid,51.179,49.821,46.794,"97,3","91,4"
2021-04-08,Murcia,11.885,11.245,10.718,"94,6","90,2"
2021-04-08,Navarra,8.343,8.057,7.864,"96,6","94,3"
2021-04-08,País Vasco,23.000,22.924,20.333,"99,7","88,4"
2021-04-08,Ceuta,210,195,189,"92,9","90,0"
2021-04-08,Melilla,315,305,292,"96,8","92,7"
2021-04-08,España,408.881,400.777,371.112,"98,0","90,8"
2021-04-09,Andalucía,41.651,40.929,38.976,"98,3","93,6"
2021-04-09,Aragón,18.400,18.154,17.356,"98,7","94,3"
2021-04-09,Asturias,11.948,11.617,11.149,"97,2","93,3"
2021-04-09,Baleares,5.496,5.122,4.916,"93,2","89,4"
2021-04-09,Canarias,10.605,10.601,9.471,"100,0","89,3"
2021-04-09,Cantabria,7.470,7.078,6.534,"94,8","87,5"
2021-04-09,Castilla y Leon,46.000,45.882,44.168,"99,7","96,0"
2021-04-09,Castilla La Mancha,25.566,24.510,22.929,"95,9","89,7"
2021-04-09,Cataluña,75.649,74.073,63.275,"97,9","83,6"
2021-04-09,C. Valenciana,29.500,29.486,27.116,"100,0","91,9"
2021-04-09,Extremadura,15.226,14.458,13.913,"95,0","91,4"
2021-04-09,Galicia,23.048,22.949,21.881,"99,6","94,9"
2021-04-09,La Rioja,3.390,3.371,3.238,"99,4","95,5"
2021-04-09,Madrid,51.179,49.821,46.794,"97,3","91,4"
2021-04-09,Murcia,11.885,11.245,10.718,"94,6","90,2"
2021-04-09,Navarra,8.343,8.057,7.864,"96,6","94,3"
2021-04-09,País Vasco,23.000,22.924,20.333,"99,7","88,4"
2021-04-09,Ceuta,210,195,189,"92,9","90,0"
2021-04-09,Melilla,315,305,292,"96,8","92,7"
2021-04-09,España,408.881,400.777,371.112,"98,0","90,8"
2021-04-12,Andalucía,41.651,40.929,38.976,"98,3","93,6"
2021-04-12,Aragón,18.400,18.154,17.356,"98,7","94,3"
2021-04-12,Asturias,11.948,11.617,11.149,"97,2","93,3"
2021-04-12,Baleares,5.496,5.122,4.916,"93,2","89,4"
2021-04-12,Canarias,10.605,10.601,9.471,"100,0","89,3"
2021-04-12,Cantabria,7.470,7.078,6.534,"94,8","87,5"
2021-04-12,Castilla y Leon,46.000,45.882,44.168,"99,7","96,0"
2021-04-12,Castilla La Mancha,25.566,24.510,22.929,"95,9","89,7"
2021-04-12,Cataluña,75.649,74.073,63.275,"97,9","83,6"
2021-04-12,C. Valenciana,29.500,29.486,27.116,"100,0","91,9"
2021-04-12,Extremadura,15.226,14.458,13.913,"95,0","91,4"
2021-04-12,Galicia,23.048,22.949,21.881,"99,6","94,9"
2021-04-12,La Rioja,3.390,3.371,3.238,"99,4","95,5"
2021-04-12,Madrid,51.179,49.821,46.794,"97,3","91,4"
2021-04-12,Murcia,11.885,11.245,10.718,"94,6","90,2"
2021-04-12,Navarra,8.343,8.057,7.864,"96,6","94,3"
2021-04-12,País Vasco,23.000,22.924,20.333,"99,7","88,4"
2021-04-12,Ceuta,210,195,189,"92,9","90,0"
2021-04-12,Melilla,315,305,292,"96,8","92,7"
2021-04-12,España,408.881,400.777,371.112,"98,0","90,8"
2021-04-13,Andalucía,41.651,40.929,38.976,"98,3","93,6"
2021-04-13,Aragón,18.400,18.154,17.356,"98,7","94,3"
2021-04-13,Asturias,11.948,11.617,11.149,"97,2","93,3"
2021-04-13,Baleares,5.496,5.122,4.916,"93,2","89,4"
2021-04-13,Canarias,10.605,10.601,9.471,"100,0","89,3"
2021-04-13,Cantabria,7.470,7.078,6.534,"94,8","87,5"
2021-04-13,Castilla y Leon,46.000,45.882,44.168,"99,7","96,0"
2021-04-13,Castilla La Mancha,25.566,24.510,22.929,"95,9","89,7"
2021-04-13,Cataluña,75.649,74.073,63.275,"97,9","83,6"
2021-04-13,C. Valenciana,29.500,29.486,27.116,"100,0","91,9"
2021-04-13,Extremadura,15.226,14.458,13.913,"95,0","91,4"
2021-04-13,Galicia,23.048,22.949,21.881,"99,6","94,9"
2021-04-13,La Rioja,3.390,3.371,3.238,"99,4","95,5"
2021-04-13,Madrid,51.179,49.821,46.794,"97,3","91,4"
2021-04-13,Murcia,11.885,11.245,10.718,"94,6","90,2"
2021-04-13,Navarra,8.343,8.057,7.864,"96,6","94,3"
2021-04-13,País Vasco,23.000,22.924,20.333,"99,7","88,4"
2021-04-13,Ceuta,210,195,189,"92,9","90,0"
2021-04-13,Melilla,315,305,292,"96,8","92,7"
2021-04-13,España,408.881,400.777,371.112,"98,0","90,8"
2021-04-14,Andalucía,41.651,41.160,39.186,"98,8","94,1"
2021-04-14,Aragón,18.400,18.289,17.411,"99,4","94,6"
2021-04-14,Asturias,11.948,11.755,11.168,"98,4","93,5"
2021-04-14,Baleares,5.496,5.156,4.923,"93,8","89,6"
2021-04-14,Canarias,10.669,10.669,9.615,"100,0","90,1"
2021-04-14,Cantabria,7.470,7.112,6.550,"95,2","87,7"
2021-04-14,Castilla y Leon,46.000,45.984,44.327,"100,0","96,4"
2021-04-14,Castilla La Mancha,25.566,24.645,23.182,"96,4","90,7"
2021-04-14,Cataluña,75.649,75.321,63.820,"99,6","84,4"
2021-04-14,C. Valenciana,29.605,29.605,27.396,"100,0","92,5"
2021-04-14,Extremadura,15.226,14.565,14.079,"95,7","92,5"
2021-04-14,Galicia,23.800,23.132,22.132,"97,2","93,0"
2021-04-14,La Rioja,3.390,3.377,3.258,"99,6","96,1"
2021-04-14,Madrid,51.179,50.456,47.862,"98,6","93,5"
2021-04-14,Murcia,11.885,11.282,10.763,"94,9","90,6"
2021-04-14,Navarra,8.343,8.077,7.915,"96,8","94,9"
2021-04-14,País Vasco,23.500,23.293,20.499,"99,1","87,2"
2021-04-14,Ceuta,198,195,189,"98,5","95,5"
2021-04-14,Melilla,325,317,295,"97,5","90,8"
2021-04-14,España,410.300,404.390,374.570,"98,6","91,3"
2021-04-15,Andalucía,41.651,41.160,39.186,"98,8","94,1"
2021-04-15,Aragón,18.400,18.289,17.411,"99,4","94,6"
2021-04-15,Asturias,11.948,11.755,11.168,"98,4","93,5"
2021-04-15,Baleares,5.496,5.156,4.923,"93,8","89,6"
2021-04-15,Canarias,10.669,10.669,9.615,"100,0","90,1"
2021-04-15,Cantabria,7.470,7.112,6.550,"95,2","87,7"
2021-04-15,Castilla y Leon,46.000,45.984,44.327,"100,0","96,4"
2021-04-15,Castilla La Mancha,25.566,24.645,23.182,"96,4","90,7"
2021-04-15,Cataluña,75.649,75.321,63.820,"99,6","84,4"
2021-04-15,C. Valenciana,29.605,29.605,27.396,"100,0","92,5"
2021-04-15,Extremadura,15.226,14.565,14.079,"95,7","92,5"
2021-04-15,Galicia,23.800,23.132,22.132,"97,2","93,0"
2021-04-15,La Rioja,3.390,3.377,3.258,"99,6","96,1"
2021-04-15,Madrid,51.179,50.456,47.862,"98,6","93,5"
2021-04-15,Murcia,11.885,11.282,10.763,"94,9","90,6"
2021-04-15,Navarra,8.343,8.077,7.915,"96,8","94,9"
2021-04-15,País Vasco,23.500,23.293,20.499,"99,1","87,2"
2021-04-15,Ceuta,198,195,189,"98,5","95,5"
2021-04-15,Melilla,325,317,295,"97,5","90,8"
2021-04-15,España,410.300,404.390,374.570,"98,6","91,3"
2021-04-16,Andalucía,41.651,41.160,39.186,"98,8","94,1"
2021-04-16,Aragón,18.400,18.289,17.411,"99,4","94,6"
2021-04-16,Asturias,11.948,11.755,11.168,"98,4","93,5"
2021-04-16,Baleares,5.496,5.156,4.923,"93,8","89,6"
2021-04-16,Canarias,10.669,10.669,9.615,"100,0","90,1"
2021-04-16,Cantabria,7.470,7.112,6.550,"95,2","87,7"
2021-04-16,Castilla y Leon,46.000,45.984,44.327,"100,0","96,4"
2021-04-16,Castilla La Mancha,25.566,24.645,23.182,"96,4","90,7"
2021-04-16,Cataluña,75.649,75.321,63.820,"99,6","84,4"
2021-04-16,C. Valenciana,29.605,29.605,27.396,"100,0","92,5"
2021-04-16,Extremadura,15.226,14.565,14.079,"95,7","92,5"
2021-04-16,Galicia,23.800,23.132,22.132,"97,2","93,0"
2021-04-16,La Rioja,3.390,3.377,3.258,"99,6","96,1"
2021-04-16,Madrid,51.179,50.456,47.862,"98,6","93,5"
2021-04-16,Murcia,11.885,11.282,10.763,"94,9","90,6"
2021-04-16,Navarra,8.343,8.077,7.915,"96,8","94,9"
2021-04-16,País Vasco,23.500,23.293,20.499,"99,1","87,2"
2021-04-16,Ceuta,198,195,189,"98,5","95,5"
2021-04-16,Melilla,325,317,295,"97,5","90,8"
2021-04-16,España,410.300,404.390,374.570,"98,6","91,3"
2021-04-19,Andalucía,41.651,41.160,39.186,"98,8","94,1"
2021-04-19,Aragón,18.400,18.289,17.411,"99,4","94,6"
2021-04-19,Asturias,11.948,11.755,11.168,"98,4","93,5"
2021-04-19,Baleares,5.496,5.156,4.923,"93,8","89,6"
2021-04-19,Canarias,10.669,10.669,9.615,"100,0","90,1"
2021-04-19,Cantabria,7.470,7.112,6.550,"95,2","87,7"
2021-04-19,Castilla y Leon,46.000,45.984,44.327,"100,0","96,4"
2021-04-19,Castilla La Mancha,25.566,24.645,23.182,"96,4","90,7"
2021-04-19,Cataluña,75.649,75.321,63.820,"99,6","84,4"
2021-04-19,C. Valenciana,29.605,29.605,27.396,"100,0","92,5"
2021-04-19,Extremadura,15.226,14.565,14.079,"95,7","92,5"
2021-04-19,Galicia,23.800,23.132,22.132,"97,2","93,0"
2021-04-19,La Rioja,3.390,3.377,3.258,"99,6","96,1"
2021-04-19,Madrid,51.179,50.456,47.862,"98,6","93,5"
2021-04-19,Murcia,11.885,11.282,10.763,"94,9","90,6"
2021-04-19,Navarra,8.343,8.077,7.915,"96,8","94,9"
2021-04-19,País Vasco,23.500,23.293,20.499,"99,1","87,2"
2021-04-19,Ceuta,198,195,189,"98,5","95,5"
2021-04-19,Melilla,325,317,295,"97,5","90,8"
2021-04-19,España,410.300,404.390,374.570,"98,6","91,3"
2021-04-20,Andalucía,41.651,41.160,39.186,"98,8","94,1"
2021-04-20,Aragón,18.400,18.289,17.411,"99,4","94,6"
2021-04-20,Asturias,11.948,11.755,11.168,"98,4","93,5"
2021-04-20,Baleares,5.496,5.156,4.923,"93,8","89,6"
2021-04-20,Canarias,10.669,10.669,9.615,"100,0","90,1"
2021-04-20,Cantabria,7.470,7.112,6.550,"95,2","87,7"
2021-04-20,Castilla y Leon,46.000,45.984,44.327,"100,0","96,4"
2021-04-20,Castilla La Mancha,25.566,24.645,23.182,"96,4","90,7"
2021-04-20,Cataluña,75.649,75.321,63.820,"99,6","84,4"
2021-04-20,C. Valenciana,29.605,29.605,27.396,"100,0","92,5"
2021-04-20,Extremadura,15.226,14.565,14.079,"95,7","92,5"
2021-04-20,Galicia,23.800,23.132,22.132,"97,2","93,0"
2021-04-20,La Rioja,3.390,3.377,3.258,"99,6","96,1"
2021-04-20,Madrid,51.179,50.456,47.862,"98,6","93,5"
2021-04-20,Murcia,11.885,11.282,10.763,"94,9","90,6"
2021-04-20,Navarra,8.343,8.077,7.915,"96,8","94,9"
2021-04-20,País Vasco,23.500,23.293,20.499,"99,1","87,2"
2021-04-20,Ceuta,198,195,189,"98,5","95,5"
2021-04-20,Melilla,325,317,295,"97,5","90,8"
2021-04-20,España,410.300,404.390,374.570,"98,6","91,3"
2021-04-21,Andalucía,41.651,41.555,39.700,"99,8","95,3"
2021-04-21,Aragón,18.400,18.349,17.511,"99,7","95,2"
2021-04-21,Asturias,11.948,11.755,11.168,"98,4","93,5"
2021-04-21,Baleares,5.496,5.425,5.177,"98,7","94,2"
2021-04-21,Canarias,10.721,10.721,9.643,"100,0","89,9"
2021-04-21,Cantabria,7.470,7.139,6.639,"95,6","88,9"
2021-04-21,Castilla y Leon,46.076,46.076,44.455,"100,0","96,5"
2021-04-21,Castilla La Mancha,25.566,24.742,23.366,"96,8","91,4"
2021-04-21,Cataluña,77.849,77.134,64.331,"99,1","82,6"
2021-04-21,C. Valenciana,29.893,29.724,27.610,"99,4","92,4"
2021-04-21,Extremadura,15.226,14.588,14.119,"95,8","92,7"
2021-04-21,Galicia,23.800,23.324,22.437,"98,0","94,3"
2021-04-21,La Rioja,3.390,3.380,3.272,"99,7","96,5"
2021-04-21,Madrid,51.179,50.989,48.558,"99,6","94,9"
2021-04-21,Murcia,11.885,11.280,10.795,"94,9","90,8"
2021-04-21,Navarra,8.343,8.095,7.932,"97,0","95,1"
2021-04-21,País Vasco,23.666,23.666,20.605,"100,0","87,1"
2021-04-21,Ceuta,198,195,189,"98,5","95,5"
2021-04-21,Melilla,325,319,297,"98,2","91,4"
2021-04-21,España,413.082,408.456,377.804,"98,9","91,5"
2021-04-22,Andalucía,41.651,41.555,39.700,"99,8","95,3"
2021-04-22,Aragón,18.400,18.349,17.511,"99,7","95,2"
2021-04-22,Asturias,11.948,11.755,11.168,"98,4","93,5"
2021-04-22,Baleares,5.496,5.425,5.177,"98,7","94,2"
2021-04-22,Canarias,10.721,10.721,9.643,"100,0","89,9"
2021-04-22,Cantabria,7.470,7.139,6.639,"95,6","88,9"
2021-04-22,Castilla y Leon,46.076,46.076,44.455,"100,0","96,5"
2021-04-22,Castilla La Mancha,25.566,24.742,23.366,"96,8","91,4"
2021-04-22,Cataluña,77.849,77.134,64.331,"99,1","82,6"
2021-04-22,C. Valenciana,29.893,29.724,27.610,"99,4","92,4"
2021-04-22,Extremadura,15.226,14.588,14.119,"95,8","92,7"
2021-04-22,Galicia,23.800,23.324,22.437,"98,0","94,3"
2021-04-22,La Rioja,3.390,3.380,3.272,"99,7","96,5"
2021-04-22,Madrid,51.179,50.989,48.558,"99,6","94,9"
2021-04-22,Murcia,11.885,11.280,10.795,"94,9","90,8"
2021-04-22,Navarra,8.343,8.095,7.932,"97,0","95,1"
2021-04-22,País Vasco,23.666,23.666,20.605,"100,0","87,1"
2021-04-22,Ceuta,198,195,189,"98,5","95,5"
2021-04-22,Melilla,325,319,297,"98,2","91,4"
2021-04-22,España,413.082,408.456,377.804,"98,9","91,5"
2021-04-23,Andalucía,41.651,41.555,39.700,"99,8","95,3"
2021-04-23,Aragón,18.400,18.349,17.511,"99,7","95,2"
2021-04-23,Asturias,11.948,11.755,11.168,"98,4","93,5"
2021-04-23,Baleares,5.496,5.425,5.177,"98,7","94,2"
2021-04-23,Canarias,10.721,10.721,9.643,"100,0","89,9"
2021-04-23,Cantabria,7.470,7.139,6.639,"95,6","88,9"
2021-04-23,Castilla y Leon,46.076,46.076,44.455,"100,0","96,5"
2021-04-23,Castilla La Mancha,25.566,24.742,23.366,"96,8","91,4"
2021-04-23,Cataluña,77.849,77.134,64.331,"99,1","82,6"
2021-04-23,C. Valenciana,29.893,29.724,27.610,"99,4","92,4"
2021-04-23,Extremadura,15.226,14.588,14.119,"95,8","92,7"
2021-04-23,Galicia,23.800,23.324,22.437,"98,0","94,3"
2021-04-23,La Rioja,3.390,3.380,3.272,"99,7","96,5"
2021-04-23,Madrid,51.179,50.989,48.558,"99,6","94,9"
2021-04-23,Murcia,11.885,11.280,10.795,"94,9","90,8"
2021-04-23,Navarra,8.343,8.095,7.932,"97,0","95,1"
2021-04-23,País Vasco,23.666,23.666,20.605,"100,0","87,1"
2021-04-23,Ceuta,198,195,189,"98,5","95,5"
2021-04-23,Melilla,325,319,297,"98,2","91,4"
2021-04-23,España,413.082,408.456,377.804,"98,9","91,5"
2021-04-26,Andalucía,41.651,41.555,39.700,"99,8","95,3"
2021-04-26,Aragón,18.400,18.349,17.511,"99,7","95,2"
2021-04-26,Asturias,11.948,11.755,11.168,"98,4","93,5"
2021-04-26,Baleares,5.496,5.425,5.177,"98,7","94,2"
2021-04-26,Canarias,10.721,10.721,9.643,"100,0","89,9"
2021-04-26,Cantabria,7.470,7.139,6.639,"95,6","88,9"
2021-04-26,Castilla y Leon,46.076,46.076,44.455,"100,0","96,5"
2021-04-26,Castilla La Mancha,25.566,24.742,23.366,"96,8","91,4"
2021-04-26,Cataluña,77.849,77.134,64.331,"99,1","82,6"
2021-04-26,C. Valenciana,29.893,29.724,27.610,"99,4","92,4"
2021-04-26,Extremadura,15.226,14.588,14.119,"95,8","92,7"
2021-04-26,Galicia,23.800,23.324,22.437,"98,0","94,3"
2021-04-26,La Rioja,3.390,3.380,3.272,"99,7","96,5"
2021-04-26,Madrid,51.179,50.989,48.558,"99,6","94,9"
2021-04-26,Murcia,11.885,11.280,10.795,"94,9","90,8"
2021-04-26,Navarra,8.343,8.095,7.932,"97,0","95,1"
2021-04-26,País Vasco,23.666,23.666,20.605,"100,0","87,1"
2021-04-26,Ceuta,198,195,189,"98,5","95,5"
2021-04-26,Melilla,325,319,297,"98,2","91,4"
2021-04-26,España,413.082,408.456,377.804,"98,9","91,5"
2021-04-27,Andalucía,41.651,41.555,39.700,"99,8","95,3"
2021-04-27,Aragón,18.400,18.349,17.511,"99,7","95,2"
2021-04-27,Asturias,11.948,11.755,11.168,"98,4","93,5"
2021-04-27,Baleares,5.496,5.425,5.177,"98,7","94,2"
2021-04-27,Canarias,10.721,10.721,9.643,"100,0","89,9"
2021-04-27,Cantabria,7.470,7.139,6.639,"95,6","88,9"
2021-04-27,Castilla y Leon,46.076,46.076,44.455,"100,0","96,5"
2021-04-27,Castilla La Mancha,25.566,24.742,23.366,"96,8","91,4"
2021-04-27,Cataluña,77.849,77.134,64.331,"99,1","82,6"
2021-04-27,C. Valenciana,29.893,29.724,27.610,"99,4","92,4"
2021-04-27,Extremadura,15.226,14.588,14.119,"95,8","92,7"
2021-04-27,Galicia,23.800,23.324,22.437,"98,0","94,3"
2021-04-27,La Rioja,3.390,3.380,3.272,"99,7","96,5"
2021-04-27,Madrid,51.179,50.989,48.558,"99,6","94,9"
2021-04-27,Murcia,11.885,11.280,10.795,"94,9","90,8"
2021-04-27,Navarra,8.343,8.095,7.932,"97,0","95,1"
2021-04-27,País Vasco,23.666,23.666,20.605,"100,0","87,1"
2021-04-27,Ceuta,198,195,189,"98,5","95,5"
2021-04-27,Melilla,325,319,297,"98,2","91,4"
2021-04-27,España,413.082,408.456,377.804,"98,9","91,5"
2021-04-28,Andalucía,41.654,41.697,39.935,"100,1","95,9"
2021-04-28,Aragón,18.400,18.387,17.613,"99,9","95,7"
2021-04-28,Asturias,11.948,11.755,11.168,"98,4","93,5"
2021-04-28,Baleares,5.496,5.432,5.188,"98,8","94,4"
2021-04-28,Canarias,10.739,10.739,9.689,"100,0","90,2"
2021-04-28,Cantabria,7.470,7.163,6.917,"95,9","92,6"
2021-04-28,Castilla y Leon,46.500,46.199,44.600,"99,4","95,9"
2021-04-28,Castilla La Mancha,25.566,24.837,23.505,"97,1","91,9"
2021-04-28,Cataluña,77.849,77.817,64.772,"100,0","83,2"
2021-04-28,C. Valenciana,29.893,29.821,27.794,"99,8","93,0"
2021-04-28,Extremadura,15.226,14.634,14.140,"96,1","92,9"
2021-04-28,Galicia,23.800,23.394,22.602,"98,3","95,0"
2021-04-28,La Rioja,3.390,3.362,3.242,"99,2","95,6"
2021-04-28,Madrid,51.781,51.781,48.840,"100,0","94,3"
2021-04-28,Murcia,11.885,11.307,10.836,"95,1","91,2"
2021-04-28,Navarra,8.343,8.106,7.935,"97,2","95,1"
2021-04-28,País Vasco,23.898,23.898,20.636,"100,0","86,4"
2021-04-28,Ceuta,198,195,192,"98,5","97,0"
2021-04-28,Melilla,325,318,298,"97,8","91,7"
2021-04-28,España,414.361,410.842,379.902,"99,2","91,7"
2021-04-29,Andalucía,41.654,41.697,39.935,"100,1","95,9"
2021-04-29,Aragón,18.400,18.387,17.613,"99,9","95,7"
2021-04-29,Asturias,11.948,11.755,11.168,"98,4","93,5"
2021-04-29,Baleares,5.496,5.432,5.188,"98,8","94,4"
2021-04-29,Canarias,10.739,10.739,9.689,"100,0","90,2"
2021-04-29,Cantabria,7.470,7.163,6.917,"95,9","92,6"
2021-04-29,Castilla y Leon,46.500,46.199,44.600,"99,4","95,9"
2021-04-29,Castilla La Mancha,25.566,24.837,23.505,"97,1","91,9"
2021-04-29,Cataluña,77.849,77.817,64.772,"100,0","83,2"
2021-04-29,C. Valenciana,29.893,29.821,27.794,"99,8","93,0"
2021-04-29,Extremadura,15.226,14.634,14.140,"96,1","92,9"
2021-04-29,Galicia,23.800,23.394,22.602,"98,3","95,0"
2021-04-29,La Rioja,3.390,3.362,3.242,"99,2","95,6"
2021-04-29,Madrid,51.781,51.781,48.840,"100,0","94,3"
2021-04-29,Murcia,11.885,11.307,10.836,"95,1","91,2"
2021-04-29,Navarra,8.343,8.106,7.935,"97,2","95,1"
2021-04-29,País Vasco,23.898,23.898,20.636,"100,0","86,4"
2021-04-29,Ceuta,198,195,192,"98,5","97,0"
2021-04-29,Melilla,325,318,298,"97,8","91,7"
2021-04-29,España,414.361,410.842,379.902,"99,2","91,7"
2021-04-30,Andalucía,41.654,41.697,39.935,"100,1","95,9"
2021-04-30,Aragón,18.400,18.387,17.613,"99,9","95,7"
2021-04-30,Asturias,11.948,11.755,11.168,"98,4","93,5"
2021-04-30,Baleares,5.496,5.432,5.188,"98,8","94,4"
2021-04-30,Canarias,10.739,10.739,9.689,"100,0","90,2"
2021-04-30,Cantabria,7.470,7.163,6.917,"95,9","92,6"
2021-04-30,Castilla y Leon,46.500,46.199,44.600,"99,4","95,9"
2021-04-30,Castilla La Mancha,25.566,24.837,23.505,"97,1","91,9"
2021-04-30,Cataluña,77.849,77.817,64.772,"100,0","83,2"
2021-04-30,C. Valenciana,29.893,29.821,27.794,"99,8","93,0"
2021-04-30,Extremadura,15.226,14.634,14.140,"96,1","92,9"
2021-04-30,Galicia,23.800,23.394,22.602,"98,3","95,0"
2021-04-30,La Rioja,3.390,3.362,3.242,"99,2","95,6"
2021-04-30,Madrid,51.781,51.781,48.840,"100,0","94,3"
2021-04-30,Murcia,11.885,11.307,10.836,"95,1","91,2"
2021-04-30,Navarra,8.343,8.106,7.935,"97,2","95,1"
2021-04-30,País Vasco,23.898,23.898,20.636,"100,0","86,4"
2021-04-30,Ceuta,198,195,192,"98,5","97,0"
2021-04-30,Melilla,325,318,298,"97,8","91,7"
2021-04-30,España,414.361,410.842,379.902,"99,2","91,7"
2021-05-03,Andalucía,41.654,41.697,39.935,"100,1","95,9"
2021-05-03,Aragón,18.400,18.387,17.613,"99,9","95,7"
2021-05-03,Asturias,11.948,11.755,11.168,"98,4","93,5"
2021-05-03,Baleares,5.496,5.432,5.188,"98,8","94,4"
2021-05-03,Canarias,10.739,10.739,9.689,"100,0","90,2"
2021-05-03,Cantabria,7.470,7.163,6.917,"95,9","92,6"
2021-05-03,Castilla y Leon,46.500,46.199,44.600,"99,4","95,9"
2021-05-03,Castilla La Mancha,25.566,24.837,23.505,"97,1","91,9"
2021-05-03,Cataluña,77.849,77.817,64.772,"100,0","83,2"
2021-05-03,C. Valenciana,29.893,29.821,27.794,"99,8","93,0"
2021-05-03,Extremadura,15.226,14.634,14.140,"96,1","92,9"
2021-05-03,Galicia,23.800,23.394,22.602,"98,3","95,0"
2021-05-03,La Rioja,3.390,3.362,3.242,"99,2","95,6"
2021-05-03,Madrid,51.781,51.781,48.840,"100,0","94,3"
2021-05-03,Murcia,11.885,11.307,10.836,"95,1","91,2"
2021-05-03,Navarra,8.343,8.106,7.935,"97,2","95,1"
2021-05-03,País Vasco,23.898,23.898,20.636,"100,0","86,4"
2021-05-03,Ceuta,198,195,192,"98,5","97,0"
2021-05-03,Melilla,325,318,298,"97,8","91,7"
2021-05-03,España,414.361,410.842,379.902,"99,2","91,7"
2021-05-04,Andalucía,41.654,41.697,39.935,"100,1","95,9"
2021-05-04,Aragón,18.400,18.387,17.613,"99,9","95,7"
2021-05-04,Asturias,11.948,11.755,11.168,"98,4","93,5"
2021-05-04,Baleares,5.496,5.432,5.188,"98,8","94,4"
2021-05-04,Canarias,10.739,10.739,9.689,"100,0","90,2"
2021-05-04,Cantabria,7.470,7.163,6.917,"95,9","92,6"
2021-05-04,Castilla y Leon,46.500,46.199,44.600,"99,4","95,9"
2021-05-04,Castilla La Mancha,25.566,24.837,23.505,"97,1","91,9"
2021-05-04,Cataluña,77.849,77.817,64.772,"100,0","83,2"
2021-05-04,C. Valenciana,29.893,29.821,27.794,"99,8","93,0"
2021-05-04,Extremadura,15.226,14.634,14.140,"96,1","92,9"
2021-05-04,Galicia,23.800,23.394,22.602,"98,3","95,0"
2021-05-04,La Rioja,3.390,3.362,3.242,"99,2","95,6"
2021-05-04,Madrid,51.781,51.781,48.840,"100,0","94,3"
2021-05-04,Murcia,11.885,11.307,10.836,"95,1","91,2"
2021-05-04,Navarra,8.343,8.106,7.935,"97,2","95,1"
2021-05-04,País Vasco,23.898,23.898,20.636,"100,0","86,4"
2021-05-04,Ceuta,198,195,192,"98,5","97,0"
2021-05-04,Melilla,325,318,298,"97,8","91,7"
2021-05-04,España,414.361,410.842,379.902,"99,2","91,7"
2021-05-05,Andalucía,41.786,41.786,40.128,"100,0","95,9"
2021-05-05,Aragón,18.421,18.421,17.722,"100,0","95,7"
2021-05-05,Asturias,11.948,11.755,11.168,"98,4","93,5"
2021-05-05,Baleares,5.496,5.439,5.231,"99,0","94,4"
2021-05-05,Canarias,10.787,10.787,9.786,"100,0","90,2"
2021-05-05,Cantabria,7.470,7.182,6.966,"96,1","92,6"
2021-05-05,Castilla y Leon,46.500,46.312,44.765,"99,6","95,9"
2021-05-05,Castilla La Mancha,25.566,24.942,23.616,"97,6","91,9"
2021-05-05,Cataluña,77.849,77.817,64.772,"100,0","83,2"
2021-05-05,C. Valenciana,29.994,29.994,27.918,"100,0","93,0"
2021-05-05,Extremadura,14.815,14.657,14.174,"98,9","92,9"
2021-05-05,Galicia,23.800,23.431,22.731,"98,4","95,0"
2021-05-05,La Rioja,3.390,3.362,3.248,"99,2","95,6"
2021-05-05,Madrid,52.112,52.112,49.359,"100,0","94,3"
2021-05-05,Murcia,11.885,11.311,10.877,"95,2","91,2"
2021-05-05,Navarra,8.343,8.120,7.950,"97,3","95,1"
2021-05-05,País Vasco,24.361,24.361,20.749,"100,0","86,4"
2021-05-05,Ceuta,198,195,192,"98,5","97,0"
2021-05-05,Melilla,325,318,310,"97,8","91,7"
2021-05-05,España,415.046,412.302,381.662,"99,3","92,0"
2021-05-06,Andalucía,41.786,41.786,40.128,"100,0","95,9"
2021-05-06,Aragón,18.421,18.421,17.722,"100,0","95,7"
2021-05-06,Asturias,11.948,11.755,11.168,"98,4","93,5"
2021-05-06,Baleares,5.496,5.439,5.231,"99,0","94,4"
2021-05-06,Canarias,10.787,10.787,9.786,"100,0","90,2"
2021-05-06,Cantabria,7.470,7.182,6.966,"96,1","92,6"
2021-05-06,Castilla y Leon,46.500,46.312,44.765,"99,6","95,9"
2021-05-06,Castilla La Mancha,25.566,24.942,23.616,"97,6","91,9"
2021-05-06,Cataluña,77.849,77.817,64.772,"100,0","83,2"
2021-05-06,C. Valenciana,29.994,29.994,27.918,"100,0","93,0"
2021-05-06,Extremadura,14.815,14.657,14.174,"98,9","92,9"
2021-05-06,Galicia,23.800,23.431,22.731,"98,4","95,0"
2021-05-06,La Rioja,3.390,3.362,3.248,"99,2","95,6"
2021-05-06,Madrid,52.112,52.112,49.359,"100,0","94,3"
2021-05-06,Murcia,11.885,11.311,10.877,"95,2","91,2"
2021-05-06,Navarra,8.343,8.120,7.950,"97,3","95,1"
2021-05-06,País Vasco,24.361,24.361,20.749,"100,0","86,4"
2021-05-06,Ceuta,198,195,192,"98,5","97,0"
2021-05-06,Melilla,325,318,310,"97,8","91,7"
2021-05-06,España,415.046,412.302,381.662,"99,3","92,0"
2021-05-07,Andalucía,41.786,41.786,40.128,"100,0","95,9"
2021-05-07,Aragón,18.421,18.421,17.722,"100,0","95,7"
2021-05-07,Asturias,11.948,11.755,11.168,"98,4","93,5"
2021-05-07,Baleares,5.496,5.439,5.231,"99,0","94,4"
2021-05-07,Canarias,10.787,10.787,9.786,"100,0","90,2"
2021-05-07,Cantabria,7.470,7.182,6.966,"96,1","92,6"
2021-05-07,Castilla y Leon,46.500,46.312,44.765,"99,6","95,9"
2021-05-07,Castilla La Mancha,25.566,24.942,23.616,"97,6","91,9"
2021-05-07,Cataluña,77.849,77.817,64.772,"100,0","83,2"
2021-05-07,C. Valenciana,29.994,29.994,27.918,"100,0","93,0"
2021-05-07,Extremadura,14.815,14.657,14.174,"98,9","92,9"
2021-05-07,Galicia,23.800,23.431,22.731,"98,4","95,0"
2021-05-07,La Rioja,3.390,3.362,3.248,"99,2","95,6"
2021-05-07,Madrid,52.112,52.112,49.359,"100,0","94,3"
2021-05-07,Murcia,11.885,11.311,10.877,"95,2","91,2"
2021-05-07,Navarra,8.343,8.120,7.950,"97,3","95,1"
2021-05-07,País Vasco,24.361,24.361,20.749,"100,0","86,4"
2021-05-07,Ceuta,198,195,192,"98,5","97,0"
2021-05-07,Melilla,325,318,310,"97,8","91,7"
2021-05-07,España,415.046,412.302,381.662,"99,3","92,0"
2021-05-10,Andalucía,41.786,41.786,40.128,"100,0","95,9"
2021-05-10,Aragón,18.421,18.421,17.722,"100,0","95,7"
2021-05-10,Asturias,11.948,11.755,11.168,"98,4","93,5"
2021-05-10,Baleares,5.496,5.439,5.231,"99,0","94,4"
2021-05-10,Canarias,10.787,10.787,9.786,"100,0","90,2"
2021-05-10,Cantabria,7.470,7.182,6.966,"96,1","92,6"
2021-05-10,Castilla y Leon,46.500,46.312,44.765,"99,6","95,9"
2021-05-10,Castilla La Mancha,25.566,24.942,23.616,"97,6","91,9"
2021-05-10,Cataluña,77.849,77.817,64.772,"100,0","83,2"
2021-05-10,C. Valenciana,29.994,29.994,27.918,"100,0","93,0"
2021-05-10,Extremadura,14.815,14.657,14.174,"98,9","92,9"
2021-05-10,Galicia,23.800,23.431,22.731,"98,4","95,0"
2021-05-10,La Rioja,3.390,3.362,3.248,"99,2","95,6"
2021-05-10,Madrid,52.112,52.112,49.359,"100,0","94,3"
2021-05-10,Murcia,11.885,11.311,10.877,"95,2","91,2"
2021-05-10,Navarra,8.343,8.120,7.950,"97,3","95,1"
2021-05-10,País Vasco,24.361,24.361,20.749,"100,0","86,4"
2021-05-10,Ceuta,198,195,192,"98,5","97,0"
2021-05-10,Melilla,325,318,310,"97,8","91,7"
2021-05-10,España,415.046,412.302,381.662,"99,3","92,0"
2021-05-11,Andalucía,41.786,41.786,40.128,"100,0","95,9"
2021-05-11,Aragón,18.421,18.421,17.722,"100,0","95,7"
2021-05-11,Asturias,11.948,11.755,11.168,"98,4","93,5"
2021-05-11,Baleares,5.496,5.439,5.231,"99,0","94,4"
2021-05-11,Canarias,10.787,10.787,9.786,"100,0","90,2"
2021-05-11,Cantabria,7.470,7.182,6.966,"96,1","92,6"
2021-05-11,Castilla y Leon,46.500,46.312,44.765,"99,6","95,9"
2021-05-11,Castilla La Mancha,25.566,24.942,23.616,"97,6","91,9"
2021-05-11,Cataluña,77.849,77.817,64.772,"100,0","83,2"
2021-05-11,C. Valenciana,29.994,29.994,27.918,"100,0","93,0"
2021-05-11,Extremadura,14.815,14.657,14.174,"98,9","92,9"
2021-05-11,Galicia,23.800,23.431,22.731,"98,4","95,0"
2021-05-11,La Rioja,3.390,3.362,3.248,"99,2","95,6"
2021-05-11,Madrid,52.112,52.112,49.359,"100,0","94,3"
2021-05-11,Murcia,11.885,11.311,10.877,"95,2","91,2"
2021-05-11,Navarra,8.343,8.120,7.950,"97,3","95,1"
2021-05-11,País Vasco,24.361,24.361,20.749,"100,0","86,4"
2021-05-11,Ceuta,198,195,192,"98,5","97,0"
2021-05-11,Melilla,325,318,310,"97,8","91,7"
2021-05-11,España,415.046,412.302,381.662,"99,3","92,0"
2021-05-12,Andalucía,41.865,41.865,40.282,"100,0","96,2"
2021-05-12,Aragón,18.578,18.473,17.794,"99,4","95,8"
2021-05-12,Asturias,11.948,11.755,11.168,"98,4","93,5"
2021-05-12,Baleares,5.496,5.447,5.244,"99,1","95,4"
2021-05-12,Canarias,10.807,10.798,9.810,"99,9","90,8"
2021-05-12,Cantabria,7.470,7.192,6.982,"96,3","93,5"
2021-05-12,Castilla y León,46.500,46.312,44.765,"99,6","95,9"
2021-05-12,Castilla La Mancha,25.566,25.008,23.753,"97,8","92,9"
2021-05-12,Cataluña,80.207,79.530,65.521,"99,2","81,7"
2021-05-12,C. Valenciana,30.087,30.087,28.047,"100,0","93,2"
2021-05-12,Extremadura,14.815,14.657,14.174,"98,9","92,9"
2021-05-12,Galicia,23.800,23.453,22.841,"98,5","96,0"
2021-05-12,La Rioja,3.390,3.366,3.254,"99,3","96,0"
2021-05-12,Madrid,52.367,52.367,49.955,"100,0","95,4"
2021-05-12,Murcia,11.885,11.334,10.913,"95,4","91,8"
2021-05-12,Navarra,8.343,8.123,7.960,"97,4","95,4"
2021-05-12,País Vasco,24.361,24.361,20.749,"100,0","86,4"
2021-05-12,Ceuta,198,196,192,"99,0","97,0"
2021-05-12,Melilla,325,329,323,"101,2","99,4"
2021-05-12,España,418.008,414.653,383.727,"99,2","91,8"
2021-05-13,Andalucía,41.865,41.865,40.282,"100,0","96,2"
2021-05-13,Aragón,18.578,18.473,17.794,"99,4","95,8"
2021-05-13,Asturias,11.948,11.755,11.168,"98,4","93,5"
2021-05-13,Baleares,5.496,5.447,5.244,"99,1","95,4"
2021-05-13,Canarias,10.807,10.798,9.810,"99,9","90,8"
2021-05-13,Cantabria,7.470,7.192,6.982,"96,3","93,5"
2021-05-13,Castilla y Leon,46.500,46.312,44.765,"99,6","95,9"
2021-05-13,Castilla La Mancha,25.566,25.008,23.753,"97,8","92,9"
2021-05-13,Cataluña,80.207,79.530,65.521,"99,2","81,7"
2021-05-13,C. Valenciana,30.087,30.087,28.047,"100,0","93,2"
2021-05-13,Extremadura,14.815,14.657,14.174,"98,9","92,9"
2021-05-13,Galicia,23.800,23.453,22.841,"98,5","96,0"
2021-05-13,La Rioja,3.390,3.366,3.254,"99,3","96,0"
2021-05-13,Madrid,52.367,52.367,49.955,"100,0","95,4"
2021-05-13,Murcia,11.885,11.334,10.913,"95,4","91,8"
2021-05-13,Navarra,8.343,8.123,7.960,"97,4","95,4"
2021-05-13,País Vasco,24.361,24.361,20.749,"100,0","86,4"
2021-05-13,Ceuta,198,196,192,"99,0","97,0"
2021-05-13,Melilla,325,329,323,"101,2","99,4"
2021-05-13,España,418.008,414.653,383.727,"99,2","91,8"
2021-05-14,Andalucía,41.865,41.865,40.282,"100,0","96,2"
2021-05-14,Aragón,18.578,18.473,17.794,"99,4","95,8"
2021-05-14,Asturias,11.948,11.755,11.168,"98,4","93,5"
2021-05-14,Baleares,5.496,5.447,5.244,"99,1","95,4"
2021-05-14,Canarias,10.807,10.798,9.810,"99,9","90,8"
2021-05-14,Cantabria,7.470,7.192,6.982,"96,3","93,5"
2021-05-14,Castilla y Leon,46.500,46.312,44.765,"99,6","95,9"
2021-05-14,Castilla La Mancha,25.566,25.008,23.753,"97,8","92,9"
2021-05-14,Cataluña,80.207,79.530,65.521,"99,2","81,7"
2021-05-14,C. Valenciana,30.087,30.087,28.047,"100,0","93,2"
2021-05-14,Extremadura,14.815,14.657,14.174,"98,9","92,9"
2021-05-14,Galicia,23.800,23.453,22.841,"98,5","96,0"
2021-05-14,La Rioja,3.390,3.366,3.254,"99,3","96,0"
2021-05-14,Madrid,52.367,52.367,49.955,"100,0","95,4"
2021-05-14,Murcia,11.885,11.334,10.913,"95,4","91,8"
2021-05-14,Navarra,8.343,8.123,7.960,"97,4","95,4"
2021-05-14,País Vasco,24.361,24.361,20.749,"100,0","86,4"
2021-05-14,Ceuta,198,196,192,"99,0","97,0"
2021-05-14,Melilla,325,329,323,"101,2","99,4"
2021-05-14,España,418.008,414.653,383.727,"99,2","91,8"
2021-05-17,Andalucía,41.865,41.865,40.282,"100,0","96,2"
2021-05-17,Aragón,18.578,18.473,17.794,"99,4","95,8"
2021-05-17,Asturias,11.948,11.755,11.168,"98,4","93,5"
2021-05-17,Baleares,5.496,5.447,5.244,"99,1","95,4"
2021-05-17,Canarias,10.807,10.798,9.810,"99,9","90,8"
2021-05-17,Cantabria,7.470,7.192,6.982,"96,3","93,5"
2021-05-17,Castilla y Leon,46.500,46.312,44.765,"99,6","95,9"
2021-05-17,Castilla La Mancha,25.566,25.008,23.753,"97,8","92,9"
2021-05-17,Cataluña,80.207,79.530,65.521,"99,2","81,7"
2021-05-17,C. Valenciana,30.087,30.087,28.047,"100,0","93,2"
2021-05-17,Extremadura,14.815,14.657,14.174,"98,9","92,9"
2021-05-17,Galicia,23.800,23.453,22.841,"98,5","96,0"
2021-05-17,La Rioja,3.390,3.366,3.254,"99,3","96,0"
2021-05-17,Madrid,52.367,52.367,49.955,"100,0","95,4"
2021-05-17,Murcia,11.885,11.334,10.913,"95,4","91,8"
2021-05-17,Navarra,8.343,8.123,7.960,"97,4","95,4"
2021-05-17,País Vasco,24.361,24.361,20.749,"100,0","86,4"
2021-05-17,Ceuta,198,196,192,"99,0","97,0"
2021-05-17,Melilla,325,329,323,"101,2","99,4"
2021-05-17,España,418.008,414.653,383.727,"99,2","91,8"
2021-05-18,Andalucía,41.865,41.865,40.282,"100,0","96,2"
2021-05-18,Aragón,18.578,18.473,17.794,"99,4","95,8"
2021-05-18,Asturias,11.948,11.755,11.168,"98,4","93,5"
2021-05-18,Baleares,5.496,5.447,5.244,"99,1","95,4"
2021-05-18,Canarias,10.807,10.798,9.810,"99,9","90,8"
2021-05-18,Cantabria,7.470,7.192,6.982,"96,3","93,5"
2021-05-18,Castilla y Leon,46.500,46.312,44.765,"99,6","95,9"
2021-05-18,Castilla La Mancha,25.566,25.008,23.753,"97,8","92,9"
2021-05-18,Cataluña,80.207,79.530,65.521,"99,2","81,7"
2021-05-18,C. Valenciana,30.087,30.087,28.047,"100,0","93,2"
2021-05-18,Extremadura,14.815,14.657,14.174,"98,9","92,9"
2021-05-18,Galicia,23.800,23.453,22.841,"98,5","96,0"
2021-05-18,La Rioja,3.390,3.366,3.254,"99,3","96,0"
2021-05-18,Madrid,52.367,52.367,49.955,"100,0","95,4"
2021-05-18,Murcia,11.885,11.334,10.913,"95,4","91,8"
2021-05-18,Navarra,8.343,8.123,7.960,"97,4","95,4"
2021-05-18,País Vasco,24.361,24.361,20.749,"100,0","86,4"
2021-05-18,Ceuta,198,196,192,"99,0","97,0"
2021-05-18,Melilla,325,329,323,"101,2","99,4"
2021-05-18,España,418.008,414.653,383.727,"99,2","91,8"
2021-05-19,Andalucía,41.865,41.865,40.282,"100,0","96,2"
2021-05-19,Aragón,18.578,18.473,17.794,"99,4","95,8"
2021-05-19,Asturias,11.948,11.755,11.168,"98,4","93,5"
2021-05-19,Baleares,5.496,5.447,5.244,"99,1","95,4"
2021-05-19,Canarias,10.807,10.798,9.810,"99,9","90,8"
2021-05-19,Cantabria,7.470,7.192,6.982,"96,3","93,5"
2021-05-19,Castilla y Leon,46.500,46.312,44.765,"99,6","95,9"
2021-05-19,Castilla La Mancha,25.566,25.008,23.753,"97,8","92,9"
2021-05-19,Cataluña,80.207,79.530,65.521,"99,2","81,7"
2021-05-19,C. Valenciana,30.087,30.087,28.047,"100,0","93,2"
2021-05-19,Extremadura,14.815,14.657,14.174,"98,9","92,9"
2021-05-19,Galicia,23.800,23.453,22.841,"98,5","96,0"
2021-05-19,La Rioja,3.390,3.366,3.254,"99,3","96,0"
2021-05-19,Madrid,52.367,52.367,49.955,"100,0","95,4"
2021-05-19,Murcia,11.885,11.334,10.913,"95,4","91,8"
2021-05-19,Navarra,8.343,8.123,7.960,"97,4","95,4"
2021-05-19,País Vasco,24.361,24.361,20.749,"100,0","86,4"
2021-05-19,Ceuta,198,196,192,"99,0","97,0"
2021-05-19,Melilla,325,329,323,"101,2","99,4"
2021-05-19,España,418.008,414.653,383.727,"99,2","91,8"
2021-05-20,Andalucía,41.865,41.865,40.282,"100,0","96,2"
2021-05-20,Aragón,18.578,18.506,17.828,"99,6","96,0"
2021-05-20,Asturias,11.948,11.755,11.168,"98,4","93,5"
2021-05-20,Baleares,5.496,5.456,5.202,"99,3","94,7"
2021-05-20,Canarias,10.836,10.836,9.826,"100,0","90,7"
2021-05-20,Cantabria,7.470,7.200,7.003,"96,4","93,7"
2021-05-20,Castilla y Leon,46.500,46.312,44.765,"99,6","95,9"
2021-05-20,Castilla La Mancha,25.566,25.068,23.818,"98,1","93,2"
2021-05-20,Cataluña,80.293,80.293,70.077,"100,0","87,3"
2021-05-20,C. Valenciana,30.251,30.251,28.144,"100,0","93,0"
2021-05-20,Extremadura,15.276,15.248,14.249,"99,8","93,3"
2021-05-20,Galicia,23.800,23.603,22.989,"99,2","96,6"
2021-05-20,La Rioja,3.390,3.387,3.288,"99,9","97,0"
2021-05-20,Madrid,52.604,52.604,50.860,"100,0","96,7"
2021-05-20,Murcia,11.885,11.364,10.938,"95,6","92,0"
2021-05-20,Navarra,8.376,8.376,8.216,"100,0","98,1"
2021-05-20,País Vasco,24.361,24.361,20.749,"100,0","86,4"
2021-05-20,Ceuta,198,196,192,"99,0","97,0"
2021-05-20,Melilla,334,334,326,"100,0","97,6"
2021-05-20,España,419.027,417.015,389.920,"99,5","93,1"
2021-05-21,Andalucía,41.865,41.865,40.282,"100,0","96,2"
2021-05-21,Aragón,18.578,18.506,17.828,"99,6","96,0"
2021-05-21,Asturias,11.948,11.755,11.168,"98,4","93,5"
2021-05-21,Baleares,5.496,5.456,5.202,"99,3","94,7"
2021-05-21,Canarias,10.836,10.836,9.826,"100,0","90,7"
2021-05-21,Cantabria,7.470,7.200,7.003,"96,4","93,7"
2021-05-21,Castilla y Leon,46.500,46.312,44.765,"99,6","95,9"
2021-05-21,Castilla La Mancha,25.566,25.068,23.818,"98,1","93,2"
2021-05-21,Cataluña,80.293,80.293,70.077,"100,0","87,3"
2021-05-21,C. Valenciana,30.251,30.251,28.144,"100,0","93,0"
2021-05-21,Extremadura,15.276,15.248,14.249,"99,8","93,3"
2021-05-21,Galicia,23.800,23.603,22.989,"99,2","96,6"
2021-05-21,La Rioja,3.390,3.387,3.288,"99,9","97,0"
2021-05-21,Madrid,52.604,52.604,50.860,"100,0","96,7"
2021-05-21,Murcia,11.885,11.364,10.938,"95,6","92,0"
2021-05-21,Navarra,8.376,8.376,8.216,"100,0","98,1"
2021-05-21,País Vasco,24.361,24.361,20.749,"100,0","86,4"
2021-05-21,Ceuta,198,196,192,"99,0","97,0"
2021-05-21,Melilla,334,334,326,"100,0","97,6"
2021-05-21,España,419.027,417.015,389.920,"99,5","93,1"
2021-05-24,Andalucía,41.865,41.865,40.282,"100,0","96,2"
2021-05-24,Aragón,18.578,18.506,17.828,"99,6","96,0"
2021-05-24,Asturias,11.948,11.755,11.168,"98,4","93,5"
2021-05-24,Baleares,5.496,5.456,5.202,"99,3","94,7"
2021-05-24,Canarias,10.836,10.836,9.826,"100,0","90,7"
2021-05-24,Cantabria,7.470,7.200,7.003,"96,4","93,7"
2021-05-24,Castilla y Leon,46.500,46.312,44.765,"99,6","95,9"
2021-05-24,Castilla La Mancha,25.566,25.068,23.818,"98,1","93,2"
2021-05-24,Cataluña,80.293,80.293,70.077,"100,0","87,3"
2021-05-24,C. Valenciana,30.251,30.251,28.144,"100,0","93,0"
2021-05-24,Extremadura,15.276,15.248,14.249,"99,8","93,3"
2021-05-24,Galicia,23.800,23.603,22.989,"99,2","96,6"
2021-05-24,La Rioja,3.390,3.387,3.288,"99,9","97,0"
2021-05-24,Madrid,52.604,52.604,50.860,"100,0","96,7"
2021-05-24,Murcia,11.885,11.364,10.938,"95,6","92,0"
2021-05-24,Navarra,8.376,8.376,8.216,"100,0","98,1"
2021-05-24,País Vasco,24.361,24.361,20.749,"100,0","86,4"
2021-05-24,Ceuta,198,196,192,"99,0","97,0"
2021-05-24,Melilla,334,334,326,"100,0","97,6"
2021-05-24,España,419.027,417.015,389.920,"99,5","93,1"
2021-05-25,Andalucía,41.865,41.865,40.282,"100,0","96,2"
2021-05-25,Aragón,18.578,18.506,17.828,"99,6","96,0"
2021-05-25,Asturias,11.948,11.755,11.168,"98,4","93,5"
2021-05-25,Baleares,5.496,5.456,5.202,"99,3","94,7"
2021-05-25,Canarias,10.836,10.836,9.826,"100,0","90,7"
2021-05-25,Cantabria,7.470,7.200,7.003,"96,4","93,7"
2021-05-25,Castilla y Leon,46.500,46.312,44.765,"99,6","95,9"
2021-05-25,Castilla La Mancha,25.566,25.068,23.818,"98,1","93,2"
2021-05-25,Cataluña,80.293,80.293,70.077,"100,0","87,3"
2021-05-25,C. Valenciana,30.251,30.251,28.144,"100,0","93,0"
2021-05-25,Extremadura,15.276,15.248,14.249,"99,8","93,3"
2021-05-25,Galicia,23.800,23.603,22.989,"99,2","96,6"
2021-05-25,La Rioja,3.390,3.387,3.288,"99,9","97,0"
2021-05-25,Madrid,52.604,52.604,50.860,"100,0","96,7"
2021-05-25,Murcia,11.885,11.364,10.938,"95,6","92,0"
2021-05-25,Navarra,8.376,8.376,8.216,"100,0","98,1"
2021-05-25,País Vasco,24.361,24.361,20.749,"100,0","86,4"
2021-05-25,Ceuta,198,196,192,"99,0","97,0"
2021-05-25,Melilla,334,334,326,"100,0","97,6"
2021-05-25,España,419.027,417.015,389.920,"99,5","93,1"
2021-05-26,Andalucía,41.865,41.865,40.282,"100,0","96,2"
2021-05-26,Aragón,18.578,18.557,17.875,"99,9","96,2"
2021-05-26,Asturias,11.948,11.755,11.168,"98,4","93,5"
2021-05-26,Baleares,5.496,5.456,5.202,"99,3","94,7"
2021-05-26,Canarias,10.862,10.862,9.890,"100,0","91,1"
2021-05-26,Cantabria,7.470,7.205,7.026,"96,5","94,1"
2021-05-26,Castilla y Leon,46.500,46.312,44.765,"99,6","95,9"
2021-05-26,Castilla La Mancha,25.566,25.525,24.325,"99,8","95,1"
2021-05-26,Cataluña,80.293,80.293,70.077,"100,0","87,3"
2021-05-26,C. Valenciana,30.297,30.297,28.226,"100,0","93,2"
2021-05-26,Extremadura,15.276,15.252,14.272,"99,8","93,4"
2021-05-26,Galicia,23.800,23.700,23.088,"99,6","97,0"
2021-05-26,La Rioja,3.390,3.390,3.295,"100,0","97,2"
2021-05-26,Madrid,52.604,52.604,50.860,"100,0","96,7"
2021-05-26,Murcia,11.885,11.482,11.047,"96,6","92,9"
2021-05-26,Navarra,8.386,8.386,8.235,"100,0","98,2"
2021-05-26,País Vasco,24.361,24.361,20.749,"100,0","86,4"
2021-05-26,Ceuta,198,196,192,"99,0","97,0"
2021-05-26,Melilla,334,334,326,"100,0","97,6"
2021-05-26,España,419.109,417.832,390.900,"99,7","93,3"
2021-05-27,Andalucía,41.865,41.865,40.282,"100,0","96,2"
2021-05-27,Aragón,18.578,18.557,17.875,"99,9","96,2"
2021-05-27,Asturias,11.948,11.755,11.168,"98,4","93,5"
2021-05-27,Baleares,5.496,5.456,5.202,"99,3","94,7"
2021-05-27,Canarias,10.862,10.862,9.890,"100,0","91,1"
2021-05-27,Cantabria,7.470,7.205,7.026,"96,5","94,1"
2021-05-27,Castilla y Leon,46.500,46.312,44.765,"99,6","95,9"
2021-05-27,Castilla La Mancha,25.566,25.525,24.325,"99,8","95,1"
2021-05-27,Cataluña,80.293,80.293,70.077,"100,0","87,3"
2021-05-27,C. Valenciana,30.297,30.297,28.226,"100,0","93,2"
2021-05-27,Extremadura,15.276,15.252,14.272,"99,8","93,4"
2021-05-27,Galicia,23.800,23.700,23.088,"99,6","97,0"
2021-05-27,La Rioja,3.390,3.390,3.295,"100,0","97,2"
2021-05-27,Madrid,52.604,52.604,50.860,"100,0","96,7"
2021-05-27,Murcia,11.885,11.482,11.047,"96,6","92,9"
2021-05-27,Navarra,8.386,8.386,8.235,"100,0","98,2"
2021-05-27,País Vasco,24.361,24.361,20.749,"100,0","86,4"
2021-05-27,Ceuta,198,196,192,"99,0","97,0"
2021-05-27,Melilla,334,334,326,"100,0","97,6"
2021-05-27,España,419.109,417.832,390.900,"99,7","93,3"
2021-05-28,Andalucía,41.865,41.865,40.282,"100,0","96,2"
2021-05-28,Aragón,18.578,18.557,17.875,"99,9","96,2"
2021-05-28,Asturias,11.948,11.755,11.168,"98,4","93,5"
2021-05-28,Baleares,5.496,5.456,5.202,"99,3","94,7"
2021-05-28,Canarias,10.862,10.862,9.890,"100,0","91,1"
2021-05-28,Cantabria,7.470,7.205,7.026,"96,5","94,1"
2021-05-28,Castilla y Leon,46.500,46.312,44.765,"99,6","95,9"
2021-05-28,Castilla La Mancha,25.566,25.525,24.325,"99,8","95,1"
2021-05-28,Cataluña,80.293,80.293,70.077,"100,0","87,3"
2021-05-28,C. Valenciana,30.297,30.297,28.226,"100,0","93,2"
2021-05-28,Extremadura,15.276,15.252,14.272,"99,8","93,4"
2021-05-28,Galicia,23.800,23.700,23.088,"99,6","97,0"
2021-05-28,La Rioja,3.390,3.390,3.295,"100,0","97,2"
2021-05-28,Madrid,52.604,52.604,50.860,"100,0","96,7"
2021-05-28,Murcia,11.885,11.482,11.047,"96,6","92,9"
2021-05-28,Navarra,8.386,8.386,8.235,"100,0","98,2"
2021-05-28,País Vasco,24.361,24.361,20.749,"100,0","86,4"
2021-05-28,Ceuta,198,196,192,"99,0","97,0"
2021-05-28,Melilla,334,334,326,"100,0","97,6"
2021-05-28,España,419.109,417.832,390.900,"99,7","93,3"
2021-05-31,Andalucía,41.865,41.865,40.282,"100,0","96,2"
2021-05-31,Aragón,18.578,18.557,17.875,"99,9","96,2"
2021-05-31,Asturias,11.948,11.755,11.168,"98,4","93,5"
2021-05-31,Baleares,5.496,5.456,5.202,"99,3","94,7"
2021-05-31,Canarias,10.862,10.862,9.890,"100,0","91,1"
2021-05-31,Cantabria,7.470,7.205,7.026,"96,5","94,1"
2021-05-31,Castilla y Leon,46.500,46.312,44.765,"99,6","95,9"
2021-05-31,Castilla La Mancha,25.566,25.525,24.325,"99,8","95,1"
2021-05-31,Cataluña,80.293,80.293,70.077,"100,0","87,3"
2021-05-31,C. Valenciana,30.297,30.297,28.226,"100,0","93,2"
2021-05-31,Extremadura,15.276,15.252,14.272,"99,8","93,4"
2021-05-31,Galicia,23.800,23.700,23.088,"99,6","97,0"
2021-05-31,La Rioja,3.390,3.390,3.295,"100,0","97,2"
2021-05-31,Madrid,52.604,52.604,50.860,"100,0","96,7"
2021-05-31,Murcia,11.885,11.482,11.047,"96,6","92,9"
2021-05-31,Navarra,8.386,8.386,8.235,"100,0","98,2"
2021-05-31,País Vasco,24.361,24.361,20.749,"100,0","86,4"
2021-05-31,Ceuta,198,196,192,"99,0","97,0"
2021-05-31,Melilla,334,334,326,"100,0","97,6"
2021-05-31,España,419.109,417.832,390.900,"99,7","93,3"
2021-06-01,Andalucía,41.865,41.865,40.282,"100,0","96,2"
2021-06-01,Aragón,18.578,18.557,17.875,"99,9","96,2"
2021-06-01,Asturias,11.948,11.755,11.168,"98,4","93,5"
2021-06-01,Baleares,5.496,5.456,5.202,"99,3","94,7"
2021-06-01,Canarias,10.862,10.862,9.890,"100,0","91,1"
2021-06-01,Cantabria,7.470,7.205,7.026,"96,5","94,1"
2021-06-01,Castilla y Leon,46.500,46.312,44.765,"99,6","95,9"
2021-06-01,Castilla La Mancha,25.566,25.525,24.325,"99,8","95,1"
2021-06-01,Cataluña,80.293,80.293,70.077,"100,0","87,3"
2021-06-01,C. Valenciana,30.297,30.297,28.226,"100,0","93,2"
2021-06-01,Extremadura,15.276,15.252,14.272,"99,8","93,4"
2021-06-01,Galicia,23.800,23.700,23.088,"99,6","97,0"
2021-06-01,La Rioja,3.390,3.390,3.295,"100,0","97,2"
2021-06-01,Madrid,52.604,52.604,50.860,"100,0","96,7"
2021-06-01,Murcia,11.885,11.482,11.047,"96,6","92,9"
2021-06-01,Navarra,8.386,8.386,8.235,"100,0","98,2"
2021-06-01,País Vasco,24.361,24.361,20.749,"100,0","86,4"
2021-06-01,Ceuta,198,196,192,"99,0","97,0"
2021-06-01,Melilla,334,334,326,"100,0","97,6"
2021-06-01,España,419.109,417.832,390.900,"99,7","93,3"
2021-06-02,Andalucía,41.865,41.865,40.282,"100,0","96,2"
2021-06-02,Aragón,18.673,18.673,17.992,"100,0","96,4"
2021-06-02,Asturias,11.948,11.755,11.168,"98,4","93,5"
2021-06-02,Baleares,5.496,5.456,5.202,"99,3","94,7"
2021-06-02,Canarias,10.937,10.937,9.922,"100,0","90,7"
2021-06-02,Cantabria,7.470,7.212,7.036,"96,5","94,2"
2021-06-02,Castilla y Leon,46.500,46.312,44.765,"99,6","95,9"
2021-06-02,Castilla La Mancha,25.566,25.525,24.325,"99,8","95,1"
2021-06-02,Cataluña,80.293,80.293,70.077,"100,0","87,3"
2021-06-02,C. Valenciana,30.297,30.297,28.226,"100,0","93,2"
2021-06-02,Extremadura,15.276,15.263,14.296,"99,9","93,6"
2021-06-02,Galicia,23.800,23.731,23.122,"99,7","97,2"
2021-06-02,La Rioja,3.390,3.390,3.295,"100,0","97,2"
2021-06-02,Madrid,52.604,52.604,50.860,"100,0","96,7"
2021-06-02,Murcia,11.885,11.482,11.072,"96,6","93,2"
2021-06-02,Navarra,8.394,8.394,8.238,"100,0","98,1"
2021-06-02,País Vasco,24.361,24.361,20.749,"100,0","86,4"
2021-06-02,Ceuta,198,196,192,"99,0","97,0"
2021-06-02,Melilla,334,334,326,"100,0","97,6"
2021-06-02,España,419.287,418.080,391.145,"99,7","93,3"
2021-06-03,Andalucía,41.865,41.865,40.282,"100,0","96,2"
2021-06-03,Aragón,18.673,18.673,17.992,"100,0","96,4"
2021-06-03,Asturias,11.948,11.755,11.168,"98,4","93,5"
2021-06-03,Baleares,5.496,5.456,5.202,"99,3","94,7"
2021-06-03,Canarias,10.937,10.937,9.922,"100,0","90,7"
2021-06-03,Cantabria,7.470,7.212,7.036,"96,5","94,2"
2021-06-03,Castilla y Leon,46.500,46.312,44.765,"99,6","95,9"
2021-06-03,Castilla La Mancha,25.566,25.525,24.325,"99,8","95,1"
2021-06-03,Cataluña,80.293,80.293,70.077,"100,0","87,3"
2021-06-03,C. Valenciana,30.297,30.297,28.226,"100,0","93,2"
2021-06-03,Extremadura,15.276,15.263,14.296,"99,9","93,6"
2021-06-03,Galicia,23.800,23.731,23.122,"99,7","97,2"
2021-06-03,La Rioja,3.390,3.390,3.295,"100,0","97,2"
2021-06-03,Madrid,52.604,52.604,50.860,"100,0","96,7"
2021-06-03,Murcia,11.885,11.482,11.072,"96,6","93,2"
2021-06-03,Navarra,8.394,8.394,8.238,"100,0","98,1"
2021-06-03,País Vasco,24.361,24.361,20.749,"100,0","86,4"
2021-06-03,Ceuta,198,196,192,"99,0","97,0"
2021-06-03,Melilla,334,334,326,"100,0","97,6"
2021-06-03,España,419.287,418.080,391.145,"99,7","93,3"
