fecha,ccaa,<11 años,12-19 años,20-29 años,30-39 años,40-49 años,50-59 años,60-69 años,70-79 años,>80 años
2021-06-29,Andalucía,"132,35","286,76","346,30","232,50","183,38","77,07","68,22","30,44","35,55"
2021-06-29,Aragón,"69,32","169,72","128,83","80,35","89,79","36,31","34,53","4,20","14,17"
2021-06-29,Asturias,"60,10","203,13","270,51","114,46","75,45","38,12","31,41","5,49","12,52"
2021-06-29,Baleares,"40,24","246,12","176,89","102,09","53,35","30,76","31,56","11,18","12,11"
2021-06-29,Canarias,"118,51","140,71","210,53","186,21","113,42","60,48","53,60","30,41","29,92"
2021-06-29,Cantabria,"110,59","539,09","637,56","202,91","141,15","86,70","55,60","13,19","38,98"
2021-06-29,Castilla La Mancha,"55,83","94,27","83,91","68,45","60,50","32,52","35,71","11,31","14,05"
2021-06-29,Castilla y León,"75,46","195,96","181,51","87,38","65,78","45,39","25,11","13,85","22,80"
2021-06-29,Cataluña,"79,05","351,44","404,32","190,69","119,84","61,83","60,65","25,50","29,96"
2021-06-29,Ceuta,"7,55","10,96","27,35","42,04","7,91","17,31","0,00","23,16","0,00"
2021-06-29,C. Valenciana,"49,57","198,10","244,32","98,50","73,51","40,14","28,41","15,99","14,10"
2021-06-29,Extremadura,"77,79","202,95","145,61","106,38","78,37","31,32","43,90","7,62","19,74"
2021-06-29,Galicia,"58,22","144,99","122,09","85,03","61,82","27,84","19,02","10,70","11,52"
2021-06-29,Madrid,"50,75","237,56","160,95","101,30","79,16","44,72","35,69","12,93","18,95"
2021-06-29,Melilla,"30,96","376,02","91,70","74,18","16,66","35,40","25,55","0,00","42,57"
2021-06-29,Murcia,"42,26","114,87","114,95","77,99","51,54","27,20","23,82","6,80","10,03"
2021-06-29,Navarra,"88,92","191,53","217,24","136,46","91,66","47,57","27,08","10,75","12,15"
2021-06-29,País Vasco,"107,79","308,41","173,67","126,66","97,48","56,18","31,42","13,61","24,69"
2021-06-29,La Rioja,"83,46","258,50","489,20","132,25","113,32","98,61","45,07","7,11","31,52"
2021-06-29,España,"79,72","243,42","251,06","143,14","103,37","51,88","43,04","17,85","22,37"
2021-06-30,Andalucía,"127,61","300,70","347,81","232,94","175,44","74,54","68,66","30,14","35,55"
2021-06-30,Aragón,"69,32","179,42","143,40","87,04","91,19","36,31","35,81","4,20","13,16"
2021-06-30,Asturias,"63,64","248,44","328,65","128,44","74,25","36,89","34,08","6,41","10,25"
2021-06-30,Baleares,"41,70","348,76","195,01","115,27","61,60","33,78","40,94","11,18","16,15"
2021-06-30,Canarias,"121,76","155,18","222,05","191,68","117,03","61,62","58,70","33,00","32,14"
2021-06-30,Cantabria,"117,39","573,21","726,66","222,78","147,29","86,70","56,89","13,19","36,55"
2021-06-30,Castilla La Mancha,"55,41","101,74","87,12","68,82","58,68","31,22","35,25","11,94","17,75"
2021-06-30,Castilla y León,"72,71","315,10","257,81","94,11","66,34","44,34","25,11","14,67","23,70"
2021-06-30,Cataluña,"82,66","469,85","554,87","232,52","132,83","65,03","65,07","25,34","30,19"
2021-06-30,Ceuta,"0,00","10,96","27,35","50,45","7,91","17,31","0,00","23,16","0,00"
2021-06-30,C. Valenciana,"58,18","237,67","287,91","112,98","84,78","45,99","31,51","19,18","18,44"
2021-06-30,Extremadura,"72,37","254,87","173,84","109,38","75,86","30,73","43,90","7,62","14,47"
2021-06-30,Galicia,"61,86","154,99","129,01","92,76","64,75","28,33","18,74","11,39","12,80"
2021-06-30,Madrid,"49,88","263,21","177,38","100,25","79,33","44,61","34,41","12,17","19,77"
2021-06-30,Melilla,"37,15","438,69","100,04","82,42","16,66","35,40","25,55","0,00","42,57"
2021-06-30,Murcia,"43,26","126,86","122,50","75,60","54,30","25,79","26,55","6,80","10,03"
2021-06-30,Navarra,"86,42","196,85","227,52","140,15","87,96","43,44","29,79","8,96","12,15"
2021-06-30,País Vasco,"105,26","341,62","210,39","134,72","100,24","56,47","31,06","14,08","24,06"
2021-06-30,La Rioja,"77,90","270,25","459,65","142,42","107,65","86,02","50,37","7,11","27,02"
2021-06-30,España,"80,30","287,84","293,33","154,07","106,06","52,37","44,63","18,28","23,08"ç
2021-07-01,Andalucía,"128,40","327,26","358,25","236,01","172,91","71,54","70,84","30,90","36,27"
2021-07-01,Aragón,"63,08","204,64","174,08","88,87","93,05","36,31","31,98","8,41","17,21"
2021-07-01,Asturias,"63,64","309,38","404,49","138,92","77,85","41,19","37,42","8,24","11,39"
2021-07-01,Baleares,"47,56","453,50","237,78","126,24","70,81","36,79","45,21","11,18","18,17"
2021-07-01,Canarias,"132,91","188,55","244,29","204,87","123,99","64,76","62,95","31,06","28,81"
2021-07-01,Cantabria,"122,49","623,25","853,38","249,74","160,58","98,93","62,06","16,96","36,55"
2021-07-01,Castilla La Mancha,"47,37","120,71","94,00","69,57","56,56","33,17","37,08","12,57","19,97"
2021-07-01,Castilla y León,"75,46","441,51","397,62","106,80","72,12","50,11","27,62","15,48","24,14"
2021-07-01,Cataluña,"94,83","616,92","804,11","297,80","153,64","74,01","73,31","26,60","36,45"
2021-07-01,Ceuta,"0,00","21,92","18,24","50,45","7,91","17,31","0,00","23,16","0,00"
2021-07-01,C. Valenciana,"68,91","294,68","371,03","136,57","100,28","57,55","37,19","22,61","24,59"
2021-07-01,Extremadura,"71,46","300,88","228,56","117,62","75,24","32,50","46,29","8,71","14,47"
2021-07-01,Galicia,"65,91","198,33","153,26","97,40","66,11","28,58","19,02","11,39","12,38"
2021-07-01,Madrid,"47,88","287,24","199,33","111,41","81,73","44,10","32,84","12,36","17,85"
2021-07-01,Melilla,"37,15","438,69","91,70","82,42","16,66","35,40","38,33","0,00","42,57"
2021-07-01,Murcia,"42,76","136,02","134,11","73,20","52,72","23,91","25,19","6,80","11,47"
2021-07-01,Navarra,"90,18","219,90","248,07","134,00","87,04","41,37","29,79","7,17","9,72"
2021-07-01,País Vasco,"103,99","376,62","264,97","137,02","101,90","56,47","32,84","13,61","25,96"
2021-07-01,La Rioja,"86,25","274,17","462,93","139,88","107,65","77,63","45,07","7,11","27,02"
2021-07-01,España,"83,83","345,26","366,74","172,17","112,24","55,18","47,39","19,22","24,84"
2021-07-05,Andalucía,"130,48","452,91","443,75","267,05","171,03","69,80","76,41","33,52","37,00"
2021-07-05,Aragón,"67,24","395,70","388,80","110,17","91,19","42,87","40,93","15,97","25,30"
2021-07-05,Asturias,"67,17","671,88","873,46","207,95","105,99","47,34","54,13","17,39","10,25"
2021-07-05,Baleares,"65,12","787,60","410,32","201,44","101,37","55,49","59,71","16,15","26,24"
2021-07-05,Canarias,"156,15","272,53","320,96","234,13","135,59","69,04","71,46","33,00","33,25"
2021-07-05,Cantabria,"161,63","768,83","1.419,66","302,24","207,63","113,38","95,68","26,38","43,86"
2021-07-05,Castilla La Mancha,"37,64","153,47","123,34","64,69","48,09","31,87","29,30","18,23","17,75"
2021-07-05,Castilla y León,"94,21","996,72","1.061,11","220,70","108,45","90,77","47,40","24,45","27,27"
2021-07-05,Cataluña,"148,34","1.185,98","1.589,63","547,17","240,36","128,87","114,50","40,45","54,56"
2021-07-05,Ceuta,"0,00","32,87","72,95","58,85","15,82","17,31","0,00","23,16","0,00"
2021-07-05,C. Valenciana,"108,98","487,36","658,17","225,05","153,24","99,96","64,40","37,23","45,56"
2021-07-05,Extremadura,"87,74","457,82","428,87","173,81","104,71","60,87","61,45","21,77","26,31"
2021-07-05,Galicia,"78,44","269,43","259,33","130,79","84,83","36,71","24,79","13,80","17,50"
2021-07-05,Madrid,"47,14","348,66","276,51","136,79","87,65","45,13","33,84","13,31","19,50"
2021-07-05,Melilla,"18,58","490,91","91,70","41,21","25,00","35,40","51,11","0,00","0,00"
2021-07-05,Murcia,"41,27","176,19","223,51","90,43","55,08","31,42","25,19","8,75","10,03"
2021-07-05,Navarra,"101,45","1.530,47","521,09","148,76","93,52","38,27","46,04","8,96","7,29"
2021-07-05,País Vasco,"100,19","634,02","454,02","171,18","100,79","56,77","43,20","12,67","18,36"
2021-07-05,La Rioja,"94,59","368,17","620,53","188,20","122,76","58,74","50,37","10,67","22,52"
2021-07-05,España,"100,73","584,34","640,13","248,89","138,68","72,60","62,23","25,71","31,02"
2021-07-07,Andalucía,"132,65","536,99","508,68","292,14","174,79","73,28","86,78","33,52","39,90"
2021-07-07,Aragón,"72,09","662,41","589,72","143,65","94,91","48,92","49,88","21,02","28,34"
2021-07-07,Asturias,"80,13","910,94","1.202,11","274,35","124,56","52,88","76,18","23,80","23,91"
2021-07-07,Baleares,"76,09","934,23","503,11","240,41","122,23","77,20","69,09","19,87","36,33"
2021-07-07,Canarias,"164,05","322,03","367,03","255,36","143,07","75,89","70,19","36,89","36,57"
2021-07-07,Cantabria,"192,25","973,55","1.702,80","373,19","246,50","147,84","129,29","30,15","43,86"
2021-07-07,Castilla La Mancha,"41,03","235,67","188,00","72,58","54,75","40,98","34,33","22,00","23,67"
2021-07-07,Castilla y León,"114,33","1.365,05","1.552,09","331,99","166,25","135,90","76,59","32,19","39,79"
2021-07-07,Cataluña,"182,43","1.473,71","2.009,09","717,18","304,92","163,86","144,94","52,73","65,52"
2021-07-07,Ceuta,"0,00","43,83","91,18","42,04","15,82","8,65","0,00","23,16","0,00"
2021-07-07,C. Valenciana,"123,75","577,11","777,52","268,82","178,14","117,10","80,59","42,25","52,44"
2021-07-07,Extremadura,"115,78","555,75","544,48","215,76","123,52","82,73","67,04","30,48","30,26"
2021-07-07,Galicia,"100,27","331,10","339,42","160,48","94,31","46,56","30,27","18,98","20,06"
2021-07-07,Madrid,"52,37","401,96","393,01","173,75","103,43","53,15","38,53","14,83","21,97"
2021-07-07,Melilla,"18,58","501,36","83,37","57,69","33,33","35,40","38,33","0,00","0,00"
2021-07-07,Murcia,"41,77","201,56","291,44","110,52","59,02","35,17","28,59","12,63","10,03"
2021-07-07,Navarra,"98,94","2.323,19","761,81","179,49","105,55","59,98","56,88","12,55","9,72"
2021-07-07,País Vasco,"111,60","771,62","595,93","212,25","117,64","64,42","48,91","12,20","20,89"
2021-07-07,La Rioja,"89,03","477,83","702,61","241,61","126,54","75,53","55,68","10,67","27,02"
2021-07-07,España,"113,64","729,24","814,01","307,97","161,97","88,01","75,68","30,38","36,77"
2021-07-09,Andalucía,"140,45","635,54","600,97","331,78","179,77","81,90","99,22","41,36","50,06"
2021-07-09,Aragón,"90,81","1.018,34","926,37","212,43","113,98","76,66","73,54","29,42","38,46"
2021-07-09,Asturias,"96,63","1.315,63","1.729,22","361,73","154,50","77,47","104,91","31,12","28,47"
2021-07-09,Baleares,"112,68","1.087,14","643,75","299,14","151,33","100,73","88,71","26,08","42,39"
2021-07-09,Canarias,"191,47","380,43","451,64","288,81","157,25","89,58","84,22","49,18","62,06"
2021-07-09,Cantabria,"216,07","1.201,01","1.964,16","473,94","290,48","151,17","137,05","49,00","48,73"
2021-07-09,Castilla La Mancha,"56,25","303,50","243,94","80,11","59,89","43,91","43,49","23,26","23,67"
2021-07-09,Castilla y León,"160,06","1.801,72","2.300,41","506,38","226,81","191,78","111,75","52,57","57,68"
2021-07-09,Cataluña,"267,18","1.842,67","2.576,48","978,22","406,68","212,50","194,85","68,32","78,49"
2021-07-09,Ceuta,"7,55","87,66","155,01","33,63","15,82","8,65","0,00","0,00","0,00"
2021-07-09,C. Valenciana,"137,64","632,23","850,76","294,87","194,93","128,00","92,99","44,08","59,31"
2021-07-09,Extremadura,"145,64","638,35","705,97","265,21","141,70","104,01","80,61","34,83","42,10"
2021-07-09,Galicia,"111,60","423,87","481,86","205,31","108,07","51,00","36,90","22,43","20,06"
2021-07-09,Madrid,"62,97","471,51","565,00","233,88","126,93","63,63","48,06","17,11","27,46"
2021-07-09,Melilla,"30,96","334,24","125,05","82,42","33,33","35,40","25,55","0,00","0,00"
2021-07-09,Murcia,"50,72","262,17","388,97","132,53","64,92","45,02","42,88","13,61","11,47"
2021-07-09,Navarra,"106,46","2.580,34","1.043,64","231,13","113,89","78,60","82,61","17,92","24,29"
2021-07-09,País Vasco,"125,55","912,78","762,15","251,40","138,07","74,12","59,62","14,55","27,22"
2021-07-09,La Rioja,"83,46","611,00","774,84","284,85","147,32","88,12","58,33","7,11","27,02"
2021-07-09,España,"140,35","891,18","1.047,28","392,82","193,40","107,15","95,32","37,78","45,38"
2021-07-12,Andalucía,"156,75","709,38","729,75","379,05","194,42","97,15","113,63","44,28","44,25"
2021-07-12,Aragón,"140,03","1.437,31","1.321,31","311,65","147,95","112,98","103,60","45,40","29,35"
2021-07-12,Asturias,"155,56","1.871,88","2.279,08","492,79","198,21","121,74","144,33","47,60","26,19"
2021-07-12,Baleares*,"91,46","994,97","558,93","267,86","135,32","85,04","76,77","21,11","40,37"
2021-07-12,Canarias,"216,10","494,45","544,19","333,51","178,90","102,42","91,45","51,77","65,38"
2021-07-12,Cantabria,"246,69","1.396,63","2.138,40","537,79","326,28","158,95","166,79","62,19","65,79"
2021-07-12,Castilla La Mancha,"86,70","410,99","357,19","116,96","77,13","55,29","62,72","32,68","28,85"
2021-07-12,Castilla y León,"223,63","2.370,24","3.090,91","694,59","303,33","265,49","174,84","72,94","82,27"
2021-07-12,Cataluña*,"201,62","1.576,58","2.165,96","793,28","328,69","177,60","157,60","56,35","67,76"
2021-07-12,Ceuta,"15,11","109,58","173,25","42,04","23,73","17,31","0,00","0,00","0,00"
2021-07-12,C. Valenciana,"202,50","834,80","1.119,88","431,59","262,10","170,27","130,53","66,00","84,26"
2021-07-12,Extremadura,"180,01","818,88","882,46","319,90","157,37","131,19","104,55","47,89","50,00"
2021-07-12,Galicia,"136,26","623,31","694,00","270,25","127,02","62,83","51,88","28,99","25,61"
2021-07-12,Madrid,"76,56","575,20","721,91","299,27","156,26","76,69","62,84","19,96","31,86"
2021-07-12,Melilla,"30,96","584,92","150,06","115,39","33,33","35,40","38,33","0,00","42,57"
2021-07-12,Murcia,"65,14","338,28","481,86","164,11","79,48","53,93","57,86","18,46","15,77"
2021-07-12,Navarra,"156,56","3.121,23","1.630,78","313,50","127,78","115,83","120,52","34,06","36,44"
2021-07-12,País Vasco,"164,44","1.117,40","982,46","331,62","165,68","93,83","82,11","25,34","41,15"
2021-07-12,La Rioja,"108,50","806,83","1.044,06","345,89","164,32","88,12","68,93","7,11","40,53"
2021-07-12,España,"120,50","725,05","792,19","292,26","151,80","94,18","84,67","34,92","42,55"
2021-07-14,Andalucía,"167,02","776,59","858,54","425,09","210,89","110,75","126,07","51,66","75,69"
2021-07-14,Aragón,"187,86","1.731,18","1.595,85","404,17","187,03","146,77","146,45","73,14","71,86"
2021-07-14,Asturias,"214,48","2.242,19","2.649,44","572,30","237,14","146,33","166,39","60,41","54,65"
2021-07-14,Baleares,"212,91","1.239,00","1.051,89","496,19","225,54","147,17","134,78","43,47","56,52"
2021-07-14,Canarias,"234,69","575,09","612,91","374,68","193,85","120,40","95,28","58,24","70,93"
2021-07-14,Cantabria,"314,74","1.564,95","2.108,70","577,53","360,03","170,07","192,64","79,15","77,97"
2021-07-14,Castilla La Mancha,"87,97","419,03","392,04","127,87","78,04","55,94","66,38","33,31","28,11"
2021-07-14,Castilla y León,"307,32","2.635,14","3.514,59","888,41","380,67","326,88","229,46","96,98","105,52"
2021-07-14,Cataluña,"543,13","2.463,86","3.385,36","1.561,38","674,31","363,63","343,85","128,92","159,66"
2021-07-14,Ceuta,"22,66","142,45","209,72","84,08","23,73","51,92","12,73","0,00","0,00"
2021-07-14,C. Valenciana,"227,63","896,52","1.193,31","483,85","282,06","175,06","137,07","67,60","91,85"
2021-07-14,Extremadura,"203,53","895,58","1.013,94","361,85","183,08","154,24","126,90","58,77","53,94"
2021-07-14,Galicia,"165,78","849,97","915,23","347,86","151,62","81,80","65,43","37,62","27,74"
2021-07-14,Madrid,"108,11","752,07","948,72","398,05","200,43","94,47","86,02","28,70","43,12"
2021-07-14,Melilla,"37,15","637,14","200,08","164,84","41,66","35,40","38,33","0,00","42,57"
2021-07-14,Murcia,"83,04","425,67","602,62","211,48","93,25","67,99","70,79","27,21","24,37"
2021-07-14,Navarra,"197,89","3.731,29","2.259,02","411,85","156,48","165,47","155,73","51,98","48,58"
2021-07-14,País Vasco,"207,56","1.278,72","1.125,86","397,25","195,51","117,36","104,60","33,79","52,55"
2021-07-14,La Rioja,"147,45","1.053,58","1.172,11","419,64","190,76","107,00","63,63","7,11","72,05"
2021-07-14,España,"236,99","1.252,09","1.508,64","613,22","288,07","166,79","154,53","63,31","77,56"
2021-07-16,Andalucía,"187,76","837,69","996,48","475,87","224,31","129,01","145,61","61,50","87,54"
2021-07-16,Aragón,"282,83","2.053,17","1.846,61","532,61","242,39","199,23","198,89","94,99","109,30"
2021-07-16,Asturias,"245,12","2.445,31","2.898,46","664,91","267,08","178,92","206,48","74,14","86,53"
2021-07-16,Baleares,"275,83","1.425,43","1.362,17","649,33","296,84","181,55","173,16","65,83","64,59"
2021-07-16,Canarias,"256,07","640,17","706,26","411,02","211,64","138,08","113,15","69,24","82,01"
2021-07-16,Cantabria,"369,19","1.694,61","2.104,74","638,54","398,90","191,19","226,26","101,76","90,15"
2021-07-16,Castilla La Mancha,"112,50","512,15","496,59","159,83","94,98","69,27","85,15","40,23","36,24"
2021-07-16,Castilla y León,"412,96","2.691,39","3.692,31","1.063,17","462,70","376,73","301,03","115,72","138,61"
2021-07-16,Cataluña,"667,24","2.538,38","3.401,57","1.735,89","793,31","436,44","429,09","173,46","215,12"
2021-07-16,Ceuta,"30,22","284,90","246,19","84,08","55,37","77,88","12,73","23,16","0,00"
2021-07-16,C. Valenciana,"279,14","1.016,18","1.289,41","557,06","317,05","191,01","159,11","78,11","104,51"
2021-07-16,Extremadura,"247,85","1.017,11","1.143,66","410,55","215,06","178,47","150,84","79,45","59,21"
2021-07-16,Galicia,"203,38","1.175,51","1.254,22","444,95","176,89","102,74","84,74","48,66","36,70"
2021-07-16,Madrid,"152,00","963,07","1.225,90","529,99","256,87","130,14","116,31","43,34","63,71"
2021-07-16,Melilla,"30,96","658,03","275,11","189,57","41,66","53,10","12,78","0,00","42,57"
2021-07-16,Murcia,"104,92","552,53","701,31","254,54","116,07","88,63","85,09","34,99","28,67"
2021-07-16,Navarra,"240,47","4.226,08","2.950,37","564,29","209,26","224,42","216,67","69,90","63,16"
2021-07-16,País Vasco,"267,58","1.470,29","1.352,63","479,00","234,44","156,48","134,94","47,87","67,74"
2021-07-16,La Rioja,"144,67","1.135,83","1.201,65","434,90","186,98","117,49","79,54","14,22","63,04"
2021-07-16,España,"187,76","837,69","996,48","475,87","224,31","129,01","145,61","61,50","87,54"
2021-07-23,Andalucía,"288,22","1.031,87","1.346,55","593,40","272,47","202,45","210,99","114,09","162,03"
2021-07-23,Aragón,"591,31","2.092,93","2.049,06","818,69","426,62","334,90","370,92","169,81","210,51"
2021-07-23,Asturias,"404,21","2.512,50","2.779,64","762,77","341,33","266,22","265,28","129,06","158,27"
2021-07-23,Baleares,"474,85","1.716,59","2.055,21","1.047,82","491,82","333,54","320,73","160,22","179,65"
2021-07-23,Canarias,"368,07","926,60","956,11","503,97","298,77","201,70","183,76","99,01","125,23"
2021-07-23,Cantabria,"564,84","1.872,03","1.918,62","840,04","450,04","243,43","288,32","131,91","158,37"
2021-07-23,Castilla La Mancha,"193,29","869,68","870,29","284,32","156,38","135,62","149,70","82,97","79,15"
2021-07-23,Castilla y León,"727,60","2.553,50","3.005,13","1.238,32","561,79","389,58","400,85","188,66","263,35"
2021-07-23,Cataluña,"888,04","2.349,25","2.825,25","1.718,56","906,09","565,32","591,82","313,08","438,73"
2021-07-23,Ceuta,"135,98","449,27","474,15","201,78","134,47","155,76","50,91","46,32","0,00"
2021-07-23,C. Valenciana,"452,63","1.324,99","1.519,59","766,54","389,74","244,71","201,99","116,93","150,80"
2021-07-23,Extremadura,"403,44","1.561,06","1.523,12","513,19","279,01","219,84","205,11","122,99","107,89"
2021-07-23,Galicia,"367,94","2.069,92","2.286,77","747,66","288,34","213,85","174,10","87,66","93,04"
2021-07-23,Madrid,"346,03","1.486,43","1.882,89","886,55","436,12","273,55","237,30","99,98","157,36"
2021-07-23,Melilla,"37,15","877,38","466,86","222,53","74,99","106,20","127,76","80,04","42,57"
2021-07-23,Murcia,"212,81","852,04","1.020,62","435,88","188,86","163,65","168,81","70,94","87,43"
2021-07-23,Navarra,"494,72","2.844,58","3.654,94","933,11","371,29","413,68","385,95","157,73","199,19"
2021-07-23,País Vasco,"468,80","2.320,20","1.938,13","759,18","347,94","297,08","248,82","102,78","148,78"
2021-07-23,La Rioja,"361,67","2.283,41","1.723,69","729,93","358,85","214,00","177,63","106,67","391,77"
2021-07-23,España,"465,71","1.623,89","1.883,78","891,72","441,56","296,36","290,73","147,50","201,06"
2021-07-30,Andalucía,"406,64","1274,00","1535,53","648,82","308,42","281,26","283,58","172,82","229,50"
2021-07-30,Aragón,"549,71","1377,18","1377,29","654,35","392,66","294,05","338,31","153,00","226,70"
2021-07-30,Asturias,"427,78","1898,44","1939,05","640,45","323,97","284,67","272,63","205,95","255,05"
2021-07-30,Baleares ,"474,85","1716,59","2055,21","1047,82","491,82","333,54","320,73","160,22","179,65"
2021-07-30,Canarias,"476,81","1061,20","1078,86","537,73","355,22","263,04","242,03","150,78","209,45"
2021-07-30,Cantabria,"648,20","1890,23","1936,44","930,85","423,45","325,69","330,98","182,79","238,78"
2021-07-30,Castilla La Mancha,"304,94","1225,48","1184,84","385,48","230,18","235,14","231,64","143,31","156,81"
2021-07-30,Castilla y León,"878,97","2040,62","1826,96","1025,46","509,49","343,94","378,56","270,98","359,48"
2021-07-30,Cataluña,"823,69","1729,59","1836,85","1235,63","742,58","525,84","554,09","370,85","542,04"
2021-07-30,Ceuta,"203,97","635,55","556,21","252,23","197,75","147,11","101,82","138,95","115,16"
2021-07-30,C Valenciana,"536,48","1368,33","1423,68","784,73","379,88","284,05","222,82","149,59","168,88"
2021-07-30,Extremadura,"552,69","1795,87","1701,38","554,39","316,63","275,39","229,85","171,97","189,46"
2021-07-30,Galicia,"576,58","2069,36","2458,21","899,48","350,62","321,52","243,86","144,60","159,20"
2021-07-30,Madrid,"533,45","1513,34","2005,72","1017,86","549,84","403,07","345,64","175,07","279,03"
2021-07-30,Melilla,"111,46","407,35","500,21","304,95","99,98","141,61","178,87","106,72","85,14"
2021-07-30,Murcia,"311,76","947,19","1158,21","489,47","243,55","214,77","221,91","121,48","127,56"
2021-07-30,Navarra,"775,27","2094,42","2463,05","935,57","446,29","499,51","449,60","256,31","298,79"
2021-07-30,País Vasco,"589,28","2846,87","2192,68","806,78","387,70","381,79","299,52","142,20","213,36"
2021-07-30,La Rioja,"620,41","2408,74","1822,18","907,96","441,95","329,39","281,03","216,89","648,44"
2021-07-30,España,"546,07","1524,71","1653,24","817,43","434,89","339,13","322,22","199,62","276,00"
2021-07-30,Andalucía,"406,64","1274,00","1535,53","648,82","308,42","281,26","283,58","172,82","229,50"
2021-07-30,Aragón,"549,71","1377,18","1377,29","654,35","392,66","294,05","338,31","153,00","226,70"
2021-07-30,Asturias,"427,78","1898,44","1939,05","640,45","323,97","284,67","272,63","205,95","255,05"
2021-07-30,Baleares ,"474,85","1716,59","2055,21","1047,82","491,82","333,54","320,73","160,22","179,65"
2021-07-30,Canarias,"476,81","1061,20","1078,86","537,73","355,22","263,04","242,03","150,78","209,45"
2021-07-30,Cantabria,"648,20","1890,23","1936,44","930,85","423,45","325,69","330,98","182,79","238,78"
2021-07-30,Castilla La Mancha,"304,94","1225,48","1184,84","385,48","230,18","235,14","231,64","143,31","156,81"
2021-07-30,Castilla y León,"878,97","2040,62","1826,96","1025,46","509,49","343,94","378,56","270,98","359,48"
2021-07-30,Cataluña,"823,69","1729,59","1836,85","1235,63","742,58","525,84","554,09","370,85","542,04"
2021-07-30,Ceuta,"203,97","635,55","556,21","252,23","197,75","147,11","101,82","138,95","115,16"
2021-07-30,C Valenciana,"536,48","1368,33","1423,68","784,73","379,88","284,05","222,82","149,59","168,88"
2021-07-30,Extremadura,"552,69","1795,87","1701,38","554,39","316,63","275,39","229,85","171,97","189,46"
2021-07-30,Galicia,"576,58","2069,36","2458,21","899,48","350,62","321,52","243,86","144,60","159,20"
2021-07-30,Madrid,"533,45","1513,34","2005,72","1017,86","549,84","403,07","345,64","175,07","279,03"
2021-07-30,Melilla,"111,46","407,35","500,21","304,95","99,98","141,61","178,87","106,72","85,14"
2021-07-30,Murcia,"311,76","947,19","1158,21","489,47","243,55","214,77","221,91","121,48","127,56"
2021-07-30,Navarra,"775,27","2094,42","2463,05","935,57","446,29","499,51","449,60","256,31","298,79"
2021-07-30,País Vasco,"589,28","2846,87","2192,68","806,78","387,70","381,79","299,52","142,20","213,36"
2021-07-30,La Rioja,"620,41","2408,74","1822,18","907,96","441,95","329,39","281,03","216,89","648,44"
2021-07-30,España,"546,07","1524,71","1653,24","817,43","434,89","339,13","322,22","199,62","276,00"
2021-08-06,Andalucía,"460,67","1358,73","1436,78","581,21","331,89","328,61","310,10","220,49","262,63"
2021-08-06,Aragón,"657,85","1287,96","1109,65","599,56","406,15","317,25","323,60","206,80","250,99"
2021-08-06,Asturias,"364,14","1246,88","1135,11","404,54","258,69","237,33","204,47","199,54","219,75"
2021-08-06,Baleares,"752,88","1368,87","1710,86","1071,98","689,72","472,87","432,48","284,42","347,18"
2021-08-06,Canarias,"527,94","991,12","915,20","549,63","350,07","295,57","256,92","197,37","238,26"
2021-08-06,Cantabria,"580,15","1444,40","1637,46","726,52","332,42","339,02","302,54","239,32","272,89"
2021-08-06,Castilla La Mancha,"446,21","1289,86","1088,55","396,39","303,08","300,18","287,03","196,73","227,08"
2021-08-06,Castilla y León,"731,26","1602,74","1245,94","693,85","394,43","312,72","308,25","258,75","332,21"
2021-08-06,Cataluña,"589,07","1075,19","1052,29","792,42","506,62","378,46","396,14","310,88","477,42"
2021-08-06,Ceuta,"219,08","624,59","373,85","302,67","284,77","224,99","280,01","208,43","230,33"
2021-08-06,C Valenciana,"532,96","1217,81","1214,04","643,84","335,61","285,25","215,25","154,16","171,05"
2021-08-06,Extremadura,"606,97","1555,16","1378,40","519,18","328,54","335,07","288,12","245,98","244,72"
2021-08-06,Galicia,"663,51","1724,93","1866,39","780,44","340,01","344,68","254,23","189,47","191,63"
2021-08-06,Madrid,"591,43","1253,20","1513,45","858,96","506,70","409,44","356,02","217,84","338,35"
2021-08-06,Melilla,"253,89","720,70","1533,97","445,07","241,63","123,90","229,97","160,09","298,00"
2021-08-06,Murcia,"363,97","945,78","1061,26","418,18","266,76","229,30","206,93","168,13","186,32"
2021-08-06,Navarra,"819,11","1810,67","1586,74","690,92","381,47","416,78","396,78","267,06","323,08"
2021-08-06,País Vasco,"615,06","2177,86","1909,85","635,98","367,54","394,73","268,46","160,97","253,24"
2021-08-06,La Rioja,"706,65","1731,16","1654,74","918,13","472,17","352,47","331,41","206,22","589,90"
2021-08-06,España,"557,25","1315,66","1332,21","682,68","401,00","342,39","307,96","222,62","294,92"
2021-08-09,Andalucía,"461,46","1334,83","1342,67","535,34","335,50","332,17","307,81","226,79","273,27"
2021-08-09,Aragón,"644,68","1137,63","963,95","527,13","388,01","309,18","309,53","226,14","244,92"
2021-08-09,Asturias,"365,32","1039,06","965,73","321,53","226,96","204,13","162,38","158,35","170,79"
2021-08-09,Baleares,"737,51","1209,68","1394,06","956,16","635,88","443,92","423,10","312,98","345,16"
2021-08-09,Canarias,"523,29","921,59","795,64","517,47","336,92","290,43","247,99","190,90","220,53"
2021-08-09,Cantabria,"537,62","1207,83","1435,50","588,88","279,23","310,12","268,92","246,86","268,02"
2021-08-09,Castilla La Mancha,"475,39","1271,47","1023,44","400,90","317,90","305,06","292,07","203,02","248,53"
2021-08-09,Castilla y León,"671,80","1419,48","1094,76","582,93","356,17","295,93","268,07","242,45","306,72"
2021-08-09,Cataluña,"525,15","922,33","923,08","697,36","463,64","340,91","363,07","294,04","451,93"
2021-08-09,Ceuta,"324,85","427,35","382,97","411,97","300,59","302,87","330,92","301,07","191,94"
2021-08-09,C Valenciana,"509,76","1157,75","1122,21","591,75","317,99","279,53","203,88","154,39","186,24"
2021-08-09,Extremadura,"610,58","1500,88","1265,44","484,72","327,29","343,94","287,32","235,10","259,19"
2021-08-09,Galicia,"638,44","1553,83","1621,35","692,31","326,92","336,05","245,01","207,07","204,01"
2021-08-09,Madrid,"578,59","1140,11","1329,61","790,51","475,05","393,00","346,21","220,88","333,40"
2021-08-09,Melilla,"297,23","752,04","1550,65","420,34","291,62","185,86","242,75","213,45","383,14"
2021-08-09,Murcia,"375,41","903,49","978,82","403,82","275,81","227,90","197,40","174,93","193,49"
2021-08-09,Navarra,"728,93","1569,48","1348,95","607,32","342,59","378,51","341,26","268,86","376,52"
2021-08-09,País Vasco,"576,60","1784,63","1721,30","571,11","350,98","397,97","241,68","164,26","279,20"
2021-08-09,La Rioja,"670,49","1496,16","1477,44","836,75","453,28","346,17","336,71","234,67","535,87"
2021-08-09,España,"535,96","1203,65","1193,66","617,99","381,08","330,80","292,06","222,27","293,33"
2021-08-12,Andalucía,"457,31","1221,13","1158,21","480,79","335,35","329,16","300,39","237,09","294,31"
2021-08-12,Aragón,"578,83","964,03","793,71","461,39","345,21","272,36","264,76","216,05","243,91"
2021-08-12,Asturias,"354,71","846,88","801,41","256,88","212,58","185,68","134,31","130,89","128,66"
2021-08-12,Baleares,"681,90","1081,90","1117,14","775,03","565,06","397,47","387,27","304,29","324,98"
2021-08-12,Canarias,"494,47","794,79","666,54","466,34","310,37","277,88","244,16","185,72","198,37"
2021-08-12,Cantabria,"488,28","1210,11","1380,06","529,28","265,93","294,56","256,00","254,40","316,75"
2021-08-12,Castilla La Mancha,"499,50","1160,53","873,96","359,91","312,46","290,10","259,56","226,90","303,27"
2021-08-12,Castilla y León,"575,77","1287,03","927,94","468,66","308,01","264,45","242,33","217,60","287,94"
2021-08-12,Cataluña,"413,10","710,49","714,72","565,55","382,00","287,79","312,69","254,84","384,40"
2021-08-12,Ceuta,"423,06","558,84","537,98","470,83","340,14","372,10","407,28","231,59","268,71"
2021-08-12,C Valenciana,"426,97","970,25","924,39","460,42","265,50","244,17","171,34","146,16","185,51"
2021-08-12,Extremadura,"553,60","1391,15","1002,47","448,01","314,75","348,67","277,74","255,78","282,88"
2021-08-12,Galicia,"598,81","1396,06","1391,46","582,86","314,06","322,26","237,51","209,48","215,53"
2021-08-12,Madrid,"534,82","950,97","1046,10","676,78","412,10","351,05","311,24","216,32","343,02"
2021-08-12,Melilla,"253,89","762,48","1642,35","428,58","333,28","194,71","268,30","320,17","383,14"
2021-08-12,Murcia,"389,83","866,84","835,42","375,59","269,12","225,55","206,25","169,10","183,46"
2021-08-12,Navarra,"648,77","1471,94","1159,60","522,49","314,81","333,01","304,70","216,88","364,38"
2021-08-12,País Vasco,"553,35","1444,20","1553,58","524,29","334,13","373,55","232,04","161,44","300,09"
2021-08-12,La Rioja,"600,93","1355,16","1270,60","755,36","406,07","323,09","339,36","224,00","427,79"
2021-08-12,España,"487,57","1043,36","992,83","525,92","342,70","304,10","267,30","213,81","287,89"
2021-08-16,Andalucía,"423,04","1055,38","905,27","402,73","312,61","294,38","269,06","228,94","283,91"
2021-08-16,Aragón,"438,11","715,75","577,45","327,48","276,82","203,77","197,61","174,02","168,00"
2021-08-16,Asturias,"300,51","706,25","557,44","198,34","185,64","141,41","108,92","112,59","97,92"
2021-08-16,Baleares,"586,79","878,72","875,01","642,20","475,33","344,40","334,38","274,48","304,79"
2021-08-16,Canarias,"419,65","607,91","500,50","367,92","260,62","234,80","205,45","163,07","180,64"
2021-08-16,Cantabria,"449,15","1276,07","1304,82","414,34","241,39","295,67","240,48","229,90","314,31"
2021-08-16,Castilla La Mancha,"461,01","1005,91","701,09","308,01","279,79","260,18","227,98","196,10","280,34"
2021-08-16,Castilla y León ,"575,77","1287,03","927,94","468,66","308,01","264,45","242,33","217,60","287,94"
2021-08-16,Cataluña,"353,46","583,85","598,02","479,11","329,67","253,26","265,41","229,82","322,45"
2021-08-16,Ceuta,"468,38","646,50","747,70","521,27","395,51","380,75","432,74","162,11","268,71"
2021-08-16,C Valenciana,"374,23","836,92","799,61","374,10","232,15","219,72","152,22","141,60","176,11"
2021-08-16,Extremadura,"521,94","1296,76","887,75","413,55","311,61","358,71","268,16","250,34","353,92"
2021-08-16,Galicia,"515,52","1133,29","1178,02","465,67","283,15","296,63","221,08","205,00","224,07"
2021-08-16,Madrid,"476,21","780,07","820,90","561,69","356,70","302,53","270,86","196,55","327,09"
2021-08-16,Melilla,"266,27","605,81","1367,24","370,89","366,61","274,36","281,08","373,53","340,57"
2021-08-16,Murcia,"357,51","797,78","685,64","335,88","260,08","218,99","181,75","165,21","164,82"
2021-08-16,Navarra,"531,04","1182,88","923,28","374,96","275,92","308,19","249,17","189,99","330,37"
2021-08-16,País Vasco,"494,59","1215,85","1352,63","462,88","304,58","335,61","202,41","154,40","284,90"
2021-08-16,La Rioja,"525,82","1061,41","1057,19","595,13","321,08","310,51","312,85","224,00","369,25"
2021-08-16,España,"427,43","876,85","804,71","433,44","301,32","268,51","231,78","196,06","264,08"
2021-08-18,Andalucía,"407,24","948,46","787,58","364,23","293,77","274,30","247,45","223,56","273,99"
2021-08-18,Aragón,"450,58","691,50","564,41","325,04","260,07","200,24","202,73","168,13","164,97"
2021-08-18,Asturias,"287,54","612,50","465,17","169,50","173,06","132,19","92,88","101,60","96,78"
2021-08-18,Baleares,"544,35","762,46","780,76","586,21","426,34","323,89","301,97","231,01","252,31"
2021-08-18,Canarias,"378,29","527,26","442,11","329,33","236,13","209,12","184,18","150,78","165,12"
2021-08-18,Cantabria,"413,42","1271,52","1215,72","374,61","237,29","281,22","212,04","201,64","292,38"
2021-08-18,Castilla La Mancha,"446,63","982,34","618,55","294,47","284,02","255,63","209,21","197,99","309,92"
2021-08-18,Castilla y León,"484,30","1119,50","697,14","311,45","257,63","225,88","190,22","189,48","268,27"
2021-08-18,Cataluña,"318,38","502,01","510,65","415,64","291,85","224,04","228,51","198,96","287,35"
2021-08-18,Ceuta,"551,48","734,17","1158,02","739,87","450,88","389,41","381,83","231,59","307,10"
2021-08-18,C Valenciana,"330,11","755,89","706,22","315,68","206,56","194,20","133,11","127,44","169,96"
2021-08-18,Extremadura,"501,13","1256,64","852,45","380,58","305,34","346,30","271,36","261,22","396,03"
2021-08-18,Galicia,"478,32","1040,52","1063,72","404,13","267,14","279,14","205,52","204,31","244,56"
2021-08-18,Madrid,"434,94","694,62","701,98","504,19","325,14","274,16","247,40","184,95","316,10"
2021-08-18,Melilla,"278,66","355,13","516,88","354,41","341,61","318,61","293,85","453,58","383,14"
2021-08-18,Murcia,"358,50","759,02","638,03","314,83","255,75","210,08","181,75","161,32","170,56"
2021-08-18,Navarra,"507,25","1083,56","835,20","351,61","275,92","293,71","223,44","179,24","289,07"
2021-08-18,País Vasco,"479,79","1127,48","1286,63","447,53","301,55","318,26","185,64","153,46","284,27"
2021-08-18,La Rioja,"484,09","1057,50","1014,51","523,92","317,30","289,53","283,68","206,22","279,19"
2021-08-18,España,"403,17","804,56","715,22","389,93","281,17","249,93","212,27","186,26","259,00"
2021-08-19,Andalucía,"386,00","877,40","698,74","340,55","286,55","258,02","233,70","210,18","263,84"
2021-08-19,Aragón,"431,17","654,65","527,60","301,30","246,11","188,13","193,77","147,96","157,88"
2021-08-19,Asturias,"276,94","543,75","414,61","163,39","164,68","126,04","91,55","94,28","94,51"
2021-08-19,Baleares,"521,67","718,48","764,09","557,67","411,31","307,61","281,50","226,04","272,50"
2021-08-19,Canarias,"354,13","490,55","409,14","303,60","222,98","194,86","174,83","139,78","145,17"
2021-08-19,Cantabria,"430,43","1287,45","1164,24","351,91","245,48","275,67","202,99","190,33","299,69"
2021-08-19,Castilla La Mancha,"424,21","955,33","563,07","276,04","266,78","250,42","203,71","206,16","321,02"
2021-08-19,Castilla y León,"468,30","1097,12","650,22","298,00","250,20","227,72","188,65","187,44","263,80"
2021-08-19,Cataluña,"306,21","478,84","486,45","398,89","285,78","221,02","223,98","194,71","269,01"
2021-08-19,Ceuta,"596,81","734,17","1112,43","765,09","450,88","363,45","356,37","231,59","268,71"
2021-08-19,C Valenciana,"307,79","713,02","660,89","294,10","195,52","186,49","128,63","122,87","176,47"
2021-08-19,Extremadura,"501,13","1263,72","810,10","374,59","324,15","342,76","271,36","259,04","406,55"
2021-08-19,Galicia,"457,30","982,74","1012,64","381,25","262,62","267,56","196,01","198,44","237,73"
2021-08-19,Madrid,"422,35","652,16","659,95","471,13","313,47","261,83","239,86","177,35","319,12"
2021-08-19,Melilla,"272,46","355,13","466,86","379,13","374,94","292,06","268,30","506,94","340,57"
2021-08-19,Murcia,"370,44","726,60","588,11","308,13","262,04","217,11","181,75","168,13","187,76"
2021-08-19,Navarra,"482,20","1001,99","789,70","322,10","271,29","292,68","216,67","186,41","276,93"
2021-08-19,País Vasco,"456,96","1073,51","1223,12","437,93","290,50","309,73","182,42","157,22","279,84"
2021-08-19,La Rioja,"464,61","1088,83","942,28","485,77","300,30","276,94","270,43","202,67","261,18"
2021-08-19,España,"387,12","762,29","665,51","368,55","273,11","241,08","205,06","180,60","254,83"
2021-08-20,Andalucía,"379,18","828,79","633,27","325,11","277,02","250,59","225,29","205,73","259,72"
2021-08-20,Aragón,"415,92","612,94","501,53","289,13","234,95","184,60","174,59","142,07","143,71"
2021-08-20,Asturias,"272,22","510,94","381,74","152,90","156,89","120,51","92,88","84,21","96,78"
2021-08-20,Baleares,"496,06","674,49","711,89","523,64","394,33","293,73","268,70","231,01","262,40"
2021-08-20,Canarias,"334,14","454,40","379,74","281,73","217,05","182,02","165,47","135,90","139,63"
2021-08-20,Cantabria,"403,21","1221,48","1059,30","310,76","243,43","266,77","195,23","186,56","280,20"
2021-08-20,Castilla La Mancha,"430,14","919,11","536,02","275,67","265,57","253,68","195,02","208,67","317,32"
2021-08-20,Castilla y León,"447,26","1051,15","613,25","280,82","243,60","221,16","187,08","187,85","271,40"
2021-08-20,Cataluña,"290,97","443,49","455,46","383,38","276,13","213,50","214,07","185,90","257,83"
2021-08-20,Ceuta,"642,14","756,08","1112,43","756,68","482,52","363,45","343,64","231,59","345,49"
2021-08-20,C Valenciana,"296,36","682,40","629,11","274,52","187,77","179,18","125,53","120,59","173,58"
2021-08-20,Extremadura,"505,65","1296,76","801,27","358,11","328,54","346,89","263,37","253,60","409,18"
2021-08-20,Galicia,"439,91","969,96","948,56","348,79","260,59","259,92","189,95","191,88","230,90"
2021-08-20,Madrid,"407,01","613,68","611,74","446,48","300,78","250,42","229,77","170,51","319,95"
2021-08-20,Melilla,"297,23","365,57","458,52","436,83","408,27","318,61","293,85","400,21","298,00"
2021-08-20,Murcia,"360,49","687,84","544,56","300,95","257,32","209,61","172,22","166,18","186,32"
2021-08-20,Navarra,"457,15","913,31","730,99","319,64","262,03","288,54","213,96","186,41","267,21"
2021-08-20,País Vasco,"434,14","1053,94","1160,10","422,96","283,32","294,14","178,14","152,52","275,40"
2021-08-20,La Rioja,"439,57","1100,58","870,05","439,99","302,19","289,53","259,82","199,11","256,68"
2021-08-20,España,"374,38","726,11","620,83","350,38","265,01","233,45","197,45","175,83","250,74"
2021-08-25,Andalucía,"334,54","646,16","443,32","275,82","248,57","208,85","198,77","190,50","246,18"
2021-08-25,Aragón,"347,99","522,75","391,10","248,35","200,98","157,36","141,33","116,85","138,65"
2021-08-25,Asturias,"188,55","354,69","184,55","121,45","126,95","94,07","74,84","87,87","80,84"
2021-08-25,Baleares,"404,61","492,25","561,83","439,11","338,07","246,69","214,96","191,27","246,26"
2021-08-25,Canarias,"280,23","313,13","274,88","212,59","176,32","134,66","135,27","111,95","117,47"
2021-08-25,Cantabria,"364,08","1205,56","833,58","258,25","269,00","264,55","157,73","158,29","231,47"
2021-08-25,Castilla La Mancha,"400,53","797,25","426,43","263,63","258,31","217,90","184,49","185,42","287,73"
2021-08-25,Castilla y León,"406,10","943,50","477,24","222,94","214,97","211,71","163,85","178,48","256,20"
2021-08-25,Cataluña,"251,72","348,39","372,14","317,71","236,41","185,93","176,10","153,16","223,62"
2021-08-25,Ceuta,"528,82","832,79","1230,97","655,79","545,80","311,53","369,10","277,91","383,88"
2021-08-25,C Valenciana,"251,19","585,12","495,23","203,47","160,76","149,80","113,65","98,43","129,10"
2021-08-25,Extremadura,"581,64","1373,45","758,91","328,14","352,99","357,53","289,71","277,55","499,97"
2021-08-25,Galicia,"355,00","963,85","780,58","241,49","222,46","217,79","146,43","155,99","201,88"
2021-08-25,Madrid,"347,03","496,08","472,20","356,56","251,12","212,38","195,93","146,18","283,97"
2021-08-25,Melilla,"371,54","292,46","541,89","420,34","516,58","283,21","332,18","373,53","298,00"
2021-08-25,Murcia,"326,18","563,10","423,81","258,85","258,11","192,73","144,99","158,41","197,79"
2021-08-25,Navarra,"397,03","673,90","541,64","242,19","246,29","258,55","192,30","148,77","174,90"
2021-08-25,País Vasco,"413,42","928,79","934,83","380,36","264,54","268,25","158,86","144,08","257,04"
2021-08-25,La Rioja,"389,49","1108,41","709,17","328,09","275,75","272,74","182,94","149,33","202,64"
2021-08-25,España,"328,35","609,15","482,22","286,72","234,19","201,70","170,11","154,52","226,99"
2021-08-26,Andalucía,"319,72","591,18","405,31","264,60","239,40","200,31","192,11","182,20","244,25"
2021-08-26,Aragón,"339,67","480,07","372,70","226,43","192,61","155,35","141,33","112,65","134,61"
2021-08-26,Asturias,"168,52","321,88","155,48","110,96","114,38","84,23","68,16","83,30","71,73"
2021-08-26,Baleares,"389,24","467,11","542,26","416,06","335,16","243,07","206,43","196,23","258,37"
2021-08-26,Canarias,"263,50","297,00","254,62","202,94","167,56","122,68","121,23","107,42","108,60"
2021-08-26,Cantabria,"381,09","1139,59","772,20","246,90","251,61","254,55","144,81","145,10","199,80"
2021-08-26,Castilla La Mancha,"380,65","757,59","399,38","252,35","254,99","218,55","185,86","181,65","289,95"
2021-08-26,Castilla y León,"393,75","894,51","446,43","211,37","213,32","205,42","159,46","179,70","250,83"
2021-08-26,Cataluña,"225,74","311,20","329,82","285,65","214,92","169,91","160,58","140,57","207,29"
2021-08-26,Ceuta,"528,82","799,91","1212,73","647,39","537,89","285,57","343,64","254,75","345,49"
2021-08-26,C Valenciana,"242,40","560,38","460,55","187,90","158,41","144,75","106,42","95,24","128,01"
2021-08-26,Extremadura,"587,06","1333,33","719,20","324,40","363,65","340,98","293,70","290,61","497,34"
2021-08-26,Galicia,"340,45","942,19","750,71","229,43","217,50","211,39","142,10","150,47","193,34"
2021-08-26,Madrid,"342,66","470,97","440,55","336,44","243,23","205,49","191,66","146,94","283,97"
2021-08-26,Melilla,"383,92","271,57","541,89","428,58","558,24","300,91","344,96","373,53","468,28"
2021-08-26,Murcia,"315,74","519,40","402,33","245,93","253,78","179,60","134,78","153,55","192,06"
2021-08-26,Navarra,"385,76","579,91","512,28","237,27","232,40","238,90","169,28","139,80","153,04"
2021-08-26,País Vasco,"396,52","879,57","864,87","361,94","258,19","255,31","157,08","143,61","248,81"
2021-08-26,La Rioja,"406,19","1073,16","653,36","302,65","279,52","276,94","182,94","142,22","180,12"
2021-08-26,España,"314,95","570,99","447,17","269,44","225,54","192,73","162,90","149,85","220,99"
2021-08-27,Andalucía,"304,41","539,64","364,61","247,06","228,86","188,38","184,47","171,13","244,73"
2021-08-27,Aragón,"334,82","440,31","344,32","225,83","190,28","148,29","128,54","105,08","140,68"
2021-08-27,Asturias,"153,20","276,56","142,84","108,34","109,59","82,39","64,82","83,30","79,70"
2021-08-27,Baleares,"364,37","438,84","512,53","388,61","324,97","244,88","207,28","183,81","246,26"
2021-08-27,Canarias,"246,77","276,98","229,99","194,25","158,02","116,97","113,57","100,30","106,39"
2021-08-27,Cantabria,"355,58","1078,18","714,78","235,55","242,41","248,99","128,00","139,45","187,61"
2021-08-27,Castilla La Mancha,"377,69","747,25","374,62","247,84","258,62","213,35","183,11","189,82","305,49"
2021-08-27,Castilla y León,"383,69","848,54","399,99","199,04","204,24","199,38","151,30","179,29","256,64"
2021-08-27,Cataluña,"217,30","286,51","314,33","269,75","207,18","165,14","156,28","135,84","202,82"
2021-08-27,Ceuta,"513,71","788,95","1121,55","630,57","529,98","285,57","318,19","301,07","383,88"
2021-08-27,C Valenciana,"230,80","545,54","421,41","179,11","156,53","141,43","101,42","92,95","117,53"
2021-08-27,Extremadura,"602,44","1325,07","685,67","325,14","371,80","333,30","297,69","299,32","485,49"
2021-08-27,Galicia,"329,93","934,96","733,39","213,04","214,11","204,24","134,32","143,91","178,40"
2021-08-27,Madrid,"333,81","447,12","411,19","320,12","235,43","200,15","187,96","145,99","283,15"
2021-08-27,Melilla,"421,08","250,68","558,57","453,31","599,90","345,16","370,51","400,21","596,00"
2021-08-27,Murcia,"302,81","465,14","376,20","236,84","236,86","170,22","132,74","146,75","190,62"
2021-08-27,Navarra,"366,97","505,43","457,97","232,36","225,92","223,39","158,44","139,80","128,75"
2021-08-27,País Vasco,"390,17","804,83","791,93","342,36","254,88","251,49","157,08","140,79","251,35"
2021-08-27,La Rioja,"375,58","1081,00","597,54","279,76","273,86","274,84","169,68","135,11","162,11"
2021-08-27,España,"304,17","538,46","414,99","255,86","218,96","186,41","157,54","145,78","218,63"
2021-08-30,Andalucía,"231,22","391,02","261,45","191,02","177,82","146,64","142,44","128,85","195,64"
2021-08-30,Aragón,"260,65","331,69","268,40","177,13","153,53","115,00","106,16","84,91","109,30"
2021-08-30,Asturias,"98,99","193,75","97,33","84,75","79,64","63,33","53,46","60,41","69,46"
2021-08-30,Baleares,"281,69","319,44","369,00","290,91","251,73","187,58","167,19","158,97","199,83"
2021-08-30,Canarias,"183,10","210,24","161,67","144,73","120,64","91,87","83,37","77,65","70,93"
2021-08-30,Cantabria ,"380,65","757,59","399,38","252,35","254,99","218,55","185,86","181,65","289,95"
2021-08-30,Castilla La Mancha,"296,48","566,18","282,45","189,17","201,15","165,54","146,49","154,62","228,56"
2021-08-30,Castilla y León ,"225,74","311,20","329,82","285,65","214,92","169,91","160,58","140,57","207,29"
2021-08-30,Cataluña,"176,95","224,64","246,26","220,17","167,84","133,09","124,76","112,07","160,33"
2021-08-30,Ceuta,"445,72","723,21","984,77","546,49","435,06","259,61","254,55","301,07","345,49"
2021-08-30,C Valenciana,"181,93","436,72","309,81","139,19","129,64","109,92","83,86","76,28","96,19"
2021-08-30,Extremadura,"510,18","1133,92","550,65","255,47","309,73","280,12","255,39","254,69","390,76"
2021-08-30,Galicia,"251,49","768,30","548,96","155,84","163,35","152,01","94,54","108,02","137,43"
2021-08-30,Madrid,"273,96","361,31","329,30","260,84","194,77","166,53","159,81","123,17","233,44"
2021-08-30,Melilla,"359,16","229,79","516,88","387,37","541,58","292,06","332,18","320,17","596,00"
2021-08-30,Murcia,"254,58","368,59","287,96","192,34","195,94","143,96","108,23","112,73","140,46"
2021-08-30,Navarra,"273,04","354,69","324,39","196,70","175,92","155,13","119,17","114,71","99,60"
2021-08-30,País Vasco,"317,47","593,10","580,05","266,37","202,69","197,66","128,52","106,53","205,76"
2021-08-30,La Rioja,"286,56","940,00","462,93","208,55","202,09","218,19","135,21","103,11","130,59"
2021-08-30,España,"240,41","417,83","312,94","201,56","175,03","147,63","125,93","116,31","173,99"
2021-08-31,Andalucía,"278,93","440,03","297,41","229,96","212,26","172,49","171,48","152,53","226,59"
2021-08-31,Aragón,"315,41","399,58","301,38","213,65","189,35","139,21","120,87","105,08","142,70"
2021-08-31,Asturias,"122,56","215,63","108,71","93,49","91,02","73,78","62,81","69,57","91,09"
2021-08-31,Baleares,"324,86","364,47","400,89","324,94","282,29","215,32","185,96","161,46","218,00"
2021-08-31,Canarias,"210,52","240,83","170,41","162,74","131,21","112,12","97,41","81,54","79,79"
2021-08-31,Cantabria,"364,08","966,72","564,30","215,69","247,52","210,08","115,07","148,87","168,12"
2021-08-31,Castilla La Mancha,"364,16","679,42","316,38","224,90","250,45","202,29","195,47","194,84","275,90"
2021-08-31,Castilla y León,"330,19","715,49","324,16","166,18","189,65","177,35","140,63","169,51","266,93"
2021-08-31,Cataluña,"198,11","233,17","262,59","239,31","187,58","146,82","137,90","128,60","173,08"
2021-08-31,Ceuta,"453,27","745,12","674,75","445,60","419,24","311,53","280,01","324,22","422,26"
2021-08-31,C Valenciana,"203,73","474,41","322,21","152,14","145,96","128,67","97,12","84,50","116,08"
2021-08-31,Extremadura,"574,40","1282,60","593,89","300,42","360,52","322,66","287,32","309,11","461,81"
2021-08-31,Galicia,"305,27","866,63","633,82","179,65","195,39","181,82","112,42","114,23","134,44"
2021-08-31,Madrid,"303,76","374,14","332,54","278,74","213,56","184,32","176,02","136,48","275,73"
2021-08-31,Melilla,"371,54","501,36","633,60","403,86","574,90","362,86","370,51","453,58","553,43"
2021-08-31,Murcia,"288,89","372,11","317,57","211,96","211,68","160,84","126,61","125,37","157,66"
2021-08-31,Navarra,"335,66","402,57","350,82","232,36","198,14","173,74","117,82","120,09","102,03"
2021-08-31,País Vasco,"351,71","650,63","627,19","304,75","235,55","227,07","155,65","130,47","241,22"
2021-08-31,La Rioja,"336,63","1041,83","495,76","236,53","241,75","253,86","135,21","124,44","153,10"
2021-08-31,España,"277,45","461,08","337,84","226,47","200,82","169,82","145,83","134,19","202,29"
2021-09-02,Andalucía,"247,03","357,28","253,26","206,80","188,72","155,41","157,40","141,30","208,46"
2021-09-02,Aragón,"309,86","356,90","251,53","199,04","179,12","125,08","114,47","106,76","152,82"
2021-09-02,Asturias,"113,13","173,44","108,71","84,75","79,05","70,09","57,47","69,57","89,95"
2021-09-02,Baleares,"291,20","314,20","344,35","287,62","259,01","203,26","174,87","134,13","181,66"
2021-09-02,Canarias,"198,44","204,12","145,78","143,76","121,93","101,57","88,90","82,18","80,90"
2021-09-02,Cantabria,"313,04","859,81","491,04","200,08","222,97","188,96","111,19","145,10","146,19"
2021-09-02,CastillaLaMancha,"337,51","596,65","270,53","207,97","243,49","184,08","193,64","186,05","260,37"
2021-09-02,CastillayLeón,"291,31","607,23","271,56","138,92","171,76","156,88","125,87","160,55","262,90"
2021-09-02,Cataluña,"181,45","197,51","226,00","213,76","171,18","135,74","127,27","121,68","157,65"
2021-09-02,Ceuta,"355,07","635,55","665,63","319,49","403,42","311,53","292,73","370,54","422,26"
2021-09-02,CValenciana,"187,38","417,64","261,56","132,41","137,74","120,69","89,89","79,93","103,79"
2021-09-02,Extremadura,"529,17","1118,58","485,35","265,96","324,15","293,12","261,78","296,05","423,66"
2021-09-02,Galicia,"298,40","791,08","568,01","162,33","185,46","170,98","102,62","105,60","126,33"
2021-09-02,Madrid,"275,45","329,88","292,54","246,30","197,17","171,16","163,65","133,06","265,02"
2021-09-02,Melilla,"359,16","511,80","566,90","346,16","549,91","362,86","344,96","346,85","766,28"
2021-09-02,Murcia,"254,08","312,91","279,83","189,47","193,58","137,86","121,84","109,82","127,56"
2021-09-02,Navarra,"320,63","370,65","319,99","238,50","195,37","171,68","102,92","95,00","138,46"
2021-09-02,PaísVasco,"327,19","595,47","539,36","280,57","221,74","209,72","151,36","130,00","239,32"
2021-09-02,LaRioja,"292,12","873,41","384,14","198,38","224,75","220,29","127,26","124,44","130,59"
2021-09-02,España,"253,09","398,85","290,09","202,38","184,90","155,76","135,49","127,07","190,97"
2021-09-03,Andalucía,"229,25","313,19","226,13","196,10","178,54","144,35","148,12","137,30","198,30"
2021-09-03,Aragón,"293,23","331,69","211,65","188,70","169,35","116,01","113,83","98,36","144,73"
2021-09-03,Asturias,"108,42","168,75","109,97","82,13","76,05","68,86","55,46","65,90","87,67"
2021-09-03,Baleares,"281,69","296,40","332,02","261,27","247,37","194,82","159,51","131,65","177,63"
2021-09-03,Canarias,"194,26","189,66","138,23","137,97","116,26","96,72","83,80","77,65","84,22"
2021-09-03,Cantabria,"294,33","832,52","445,50","198,66","221,95","181,18","112,48","143,22","148,63"
2021-09-03,Castilla La Mancha,"317,63","565,03","259,53","198,95","228,97","184,40","178,99","179,76","233,00"
2021-09-03,Castilla y León,"275,31","523,16","237,43","127,72","162,40","150,32","119,28","151,18","253,51"
2021-09-03,Cataluña,"168,29","185,62","212,89","201,50","163,89","128,23","122,85","119,47","150,94"
2021-09-03,Ceuta,"294,63","602,67","665,63","311,08","340,14","311,53","292,73","370,54","383,88"
2021-09-03,C. Valenciana,"181,93","384,90","236,38","126,55","133,52","114,84","86,79","77,19","105,23"
2021-09-03,Extremadura,"492,09","1.034,81","427,11","256,97","295,94","262,98","243,42","284,08","422,34"
2021-09-03,Galicia,"274,95","687,75","514,33","144,71","172,60","157,43","96,27","100,08","122,06"
2021-09-03,Madrid,"265,35","311,99","275,43","234,30","190,74","164,89","155,97","130,97","246,35"
2021-09-03,Melilla,"365,35","522,25","550,23","296,71","499,92","371,71","332,18","426,89","766,28"
2021-09-03,Murcia,"249,61","294,59","272,28","183,73","187,29","127,08","117,76","104,96","121,83"
2021-09-03,Navarra,"321,88","363,55","292,10","229,90","198,14","166,50","94,79","86,03","172,47"
2021-09-03,País Vasco,"318,73","550,40","501,16","265,22","214,56","207,96","144,94","135,16","240,58"
2021-09-03,La Rioja,"292,12","752,00","315,19","195,83","222,86","190,92","114,00","110,22","121,58"
2021-09-03,España,"240,16","364,85","266,90","191,48","176,55","147,77","128,72","123,36","183,77"
2021-09-06,Andalucía,"203,67","255,41","193,93","168,39","156,38","127,74","133,93","121,16","166,62"
2021-09-06,Aragón,"256,49","295,80","189,42","178,96","163,76","106,42","104,88","96,68","162,94"
2021-09-06,Asturias,"96,63","121,88","93,54","66,40","63,48","63,33","46,78","53,09","77,43"
2021-09-06,Baleares,"254,62","240,89","259,53","228,34","207,59","165,26","139,04","113,02","173,59"
2021-09-06,Canarias,"158,47","146,28","118,77","120,28","101,57","87,87","77,84","67,30","86,44"
2021-09-06,Cantabria,"272,21","780,20","388,08","192,98","188,20","153,39","107,31","139,45","138,88"
2021-09-06,Castilla La Mancha,"288,45","486,29","227,89","190,67","208,71","171,39","165,26","167,82","203,41"
2021-09-06,Castilla y León,"225,00","393,12","181,51","106,43","148,08","125,40","103,90","136,10","227,58"
2021-09-06,Cataluña,"168,29","185,62","212,89","201,50","163,89","128,23","122,85","119,47","150,94"
2021-09-06,Ceuta,"264,41","460,22","674,75","294,27","292,68","276,91","203,64","347,38","307,10"
2021-09-06,C. Valenciana,"161,72","313,76","191,04","114,99","122,01","106,60","78,18","71,94","102,34"
2021-09-06,Extremadura,"407,96","804,72","324,74","212,02","253,93","222,79","205,91","252,51","369,71"
2021-09-06,Galicia,"241,79","487,20","412,16","128,63","157,93","142,65","91,95","93,53","119,08"
2021-09-06,Madrid,"245,40","279,11","235,02","207,97","178,05","154,92","143,46","121,65","224,65"
2021-09-06,Melilla,"352,96","564,03","508,55","321,44","441,59","327,46","319,41","373,53","638,57"
2021-09-06,Murcia,"222,76","236,09","231,06","161,24","163,68","112,07","104,15","80,66","96,03"
2021-09-06,Navarra,"280,55","292,62","242,19","200,39","172,22","146,86","77,19","82,45","165,18"
2021-09-06,País Vasco,"287,03","451,94","401,42","242,95","198,82","191,48","134,59","129,06","204,50"
2021-09-06,La Rioja,"244,83","611,00","239,67","157,68","185,09","167,84","103,40","120,89","103,57"
2021-09-06,España,"209,74","296,12","220,44","166,06","156,34","131,82","114,48","110,98","163,05"
